company_id,year,operating_activity,investing_activity,financing_activity,net_cash_flow,sales,net_profit,fcf,fcf_margin_pct,capex_sales_pct,capex_kpi_status
ABB,2012-12,101.0,-59.0,-42.0,1.0,1653.0,145.0,,,,CAPEX_SOURCE_UNAVAILABLE
ABB,2014-03,0.0,0.0,0.0,0.0,2276.0,198.0,,,,CAPEX_SOURCE_UNAVAILABLE
ABB,2015-03,-35.0,-1864.0,1902.0,3.0,2289.0,229.0,,,,CAPEX_SOURCE_UNAVAILABLE
ABB,2016-03,1544.0,-816.0,-722.0,6.0,2614.0,255.0,,,,CAPEX_SOURCE_UNAVAILABLE
ABB,2017-03,2189.0,-1730.0,-455.0,4.0,2903.0,277.0,,,,CAPEX_SOURCE_UNAVAILABLE
ABB,2018-03,2198.0,-3192.0,1589.0,596.0,3298.0,401.0,,,,CAPEX_SOURCE_UNAVAILABLE
ABB,2019-03,2591.0,-3050.0,38.0,-421.0,3679.0,450.0,,,,CAPEX_SOURCE_UNAVAILABLE
ABB,2020-03,5437.0,-5643.0,1250.0,1045.0,4093.0,593.0,,,,CAPEX_SOURCE_UNAVAILABLE
ABB,2021-03,3784.0,-4009.0,-745.0,-969.0,4310.0,691.0,,,,CAPEX_SOURCE_UNAVAILABLE
ABB,2022-03,4097.0,-3936.0,-235.0,-75.0,4913.0,799.0,,,,CAPEX_SOURCE_UNAVAILABLE
ABB,2023-03,3777.0,-4699.0,923.0,2.0,5349.0,949.0,,,,CAPEX_SOURCE_UNAVAILABLE
ABB,2024-03,6038.0,-4943.0,-543.0,551.0,5849.0,1201.0,,,,CAPEX_SOURCE_UNAVAILABLE
ADANIENSOL,2014-03,0.0,0.0,0.0,0.0,0.0,0.0,,,,CAPEX_SOURCE_UNAVAILABLE
ADANIENSOL,2015-03,-35.0,-1864.0,1902.0,3.0,131.0,-7.0,,,,CAPEX_SOURCE_UNAVAILABLE
ADANIENSOL,2016-03,1544.0,-816.0,-722.0,6.0,2194.0,368.0,,,,CAPEX_SOURCE_UNAVAILABLE
ADANIENSOL,2017-03,2189.0,-1730.0,-455.0,4.0,2876.0,416.0,,,,CAPEX_SOURCE_UNAVAILABLE
ADANIENSOL,2018-03,2198.0,-3192.0,1589.0,596.0,3944.0,1143.0,,,,CAPEX_SOURCE_UNAVAILABLE
ADANIENSOL,2019-03,2591.0,-3050.0,38.0,-421.0,7305.0,559.0,,,,CAPEX_SOURCE_UNAVAILABLE
ADANIENSOL,2020-03,5437.0,-5643.0,1250.0,1045.0,11416.0,706.0,,,,CAPEX_SOURCE_UNAVAILABLE
ADANIENSOL,2021-03,3784.0,-4009.0,-745.0,-969.0,9926.0,1290.0,,,,CAPEX_SOURCE_UNAVAILABLE
ADANIENSOL,2022-03,4097.0,-3936.0,-235.0,-75.0,11258.0,1236.0,,,,CAPEX_SOURCE_UNAVAILABLE
ADANIENSOL,2023-03,3777.0,-4699.0,923.0,2.0,13293.0,1281.0,,,,CAPEX_SOURCE_UNAVAILABLE
ADANIENSOL,2024-03,6038.0,-4943.0,-543.0,551.0,16607.0,1196.0,,,,CAPEX_SOURCE_UNAVAILABLE
ADANIENT,2013-03,7666.0,-14790.0,7199.0,75.0,46375.0,1218.0,,,,CAPEX_SOURCE_UNAVAILABLE
ADANIENT,2014-03,8228.0,-8007.0,-1109.0,-888.0,54947.0,2646.0,,,,CAPEX_SOURCE_UNAVAILABLE
ADANIENT,2015-03,8532.0,-11465.0,3445.0,512.0,64465.0,2298.0,,,,CAPEX_SOURCE_UNAVAILABLE
ADANIENT,2016-03,5112.0,-1825.0,-3448.0,-161.0,34008.0,1000.0,,,,CAPEX_SOURCE_UNAVAILABLE
ADANIENT,2017-03,774.0,-1460.0,716.0,30.0,36533.0,925.0,,,,CAPEX_SOURCE_UNAVAILABLE
ADANIENT,2018-03,2942.0,-7649.0,5120.0,413.0,35924.0,594.0,,,,CAPEX_SOURCE_UNAVAILABLE
ADANIENT,2019-03,3236.0,2487.0,-6158.0,-436.0,40379.0,506.0,,,,CAPEX_SOURCE_UNAVAILABLE
ADANIENT,2020-03,2454.0,-1082.0,-221.0,1151.0,43403.0,1040.0,,,,CAPEX_SOURCE_UNAVAILABLE
ADANIENT,2021-03,4043.0,-8611.0,3109.0,-1459.0,39537.0,1046.0,,,,CAPEX_SOURCE_UNAVAILABLE
ADANIENT,2022-03,1385.0,-17041.0,15901.0,246.0,69420.0,788.0,,,,CAPEX_SOURCE_UNAVAILABLE
ADANIENT,2023-03,17626.0,-15459.0,-1198.0,970.0,127540.0,2422.0,,,,CAPEX_SOURCE_UNAVAILABLE
ADANIENT,2024-03,10312.0,-18767.0,8879.0,424.0,96421.0,3335.0,,,,CAPEX_SOURCE_UNAVAILABLE
ADANIGREEN,2017-03,28.0,-1511.0,1559.0,76.0,502.0,-47.0,,,,CAPEX_SOURCE_UNAVAILABLE
ADANIGREEN,2018-03,649.0,-4428.0,3942.0,162.0,1480.0,-138.0,,,,CAPEX_SOURCE_UNAVAILABLE
ADANIGREEN,2019-03,1625.0,-2666.0,1045.0,3.0,2058.0,-475.0,,,,CAPEX_SOURCE_UNAVAILABLE
ADANIGREEN,2020-03,1965.0,-3743.0,2161.0,383.0,2549.0,-68.0,,,,CAPEX_SOURCE_UNAVAILABLE
ADANIGREEN,2021-03,1601.0,-9137.0,7083.0,-453.0,3124.0,182.0,,,,CAPEX_SOURCE_UNAVAILABLE
ADANIGREEN,2022-03,3127.0,-18730.0,15986.0,383.0,5133.0,489.0,,,,CAPEX_SOURCE_UNAVAILABLE
ADANIGREEN,2023-03,7265.0,-3857.0,-2973.0,435.0,7776.0,973.0,,,,CAPEX_SOURCE_UNAVAILABLE
ADANIGREEN,2024-03,7713.0,-21060.0,13953.0,606.0,9220.0,1260.0,,,,CAPEX_SOURCE_UNAVAILABLE
ADANIPORTS,2013-03,1379.0,-5136.0,4138.0,381.0,3577.0,1639.0,,,,CAPEX_SOURCE_UNAVAILABLE
ADANIPORTS,2014-03,1132.0,-2510.0,772.0,-606.0,4830.0,1741.0,,,,CAPEX_SOURCE_UNAVAILABLE
ADANIPORTS,2015-03,3057.0,-2485.0,-237.0,335.0,6152.0,2324.0,,,,CAPEX_SOURCE_UNAVAILABLE
ADANIPORTS,2016-03,2381.0,-4153.0,2170.0,398.0,7109.0,2856.0,,,,CAPEX_SOURCE_UNAVAILABLE
ADANIPORTS,2017-03,4063.0,-2629.0,-1325.0,109.0,8439.0,3902.0,,,,CAPEX_SOURCE_UNAVAILABLE
ADANIPORTS,2018-03,5608.0,-3846.0,-1889.0,-127.0,11323.0,3690.0,,,,CAPEX_SOURCE_UNAVAILABLE
ADANIPORTS,2019-03,6029.0,-4368.0,2313.0,3975.0,10925.0,4045.0,,,,CAPEX_SOURCE_UNAVAILABLE
ADANIPORTS,2020-03,7402.0,-749.0,-4256.0,2397.0,11873.0,3785.0,,,,CAPEX_SOURCE_UNAVAILABLE
ADANIPORTS,2021-03,7556.0,-14064.0,3514.0,-2994.0,12550.0,5049.0,,,,CAPEX_SOURCE_UNAVAILABLE
ADANIPORTS,2022-03,10420.0,-5493.0,-586.0,4341.0,17119.0,4953.0,,,,CAPEX_SOURCE_UNAVAILABLE
ADANIPORTS,2023-03,11900.0,-16716.0,-2734.0,-7550.0,20852.0,5391.0,,,,CAPEX_SOURCE_UNAVAILABLE
ADANIPORTS,2024-03,15018.0,-6768.0,-7800.0,450.0,26711.0,8104.0,,,,CAPEX_SOURCE_UNAVAILABLE
ADANIPOWER,2013-03,3001.0,-4064.0,861.0,-203.0,6692.0,-2295.0,,,,CAPEX_SOURCE_UNAVAILABLE
ADANIPOWER,2014-03,3238.0,-4700.0,1631.0,169.0,15328.0,-291.0,,,,CAPEX_SOURCE_UNAVAILABLE
ADANIPOWER,2015-03,5824.0,-4737.0,-1144.0,-58.0,18683.0,-816.0,,,,CAPEX_SOURCE_UNAVAILABLE
ADANIPOWER,2016-03,5257.0,-2692.0,-2713.0,-148.0,25377.0,551.0,,,,CAPEX_SOURCE_UNAVAILABLE
ADANIPOWER,2017-03,4725.0,-1212.0,-3539.0,-26.0,22616.0,-6174.0,,,,CAPEX_SOURCE_UNAVAILABLE
ADANIPOWER,2018-03,5101.0,-520.0,-4600.0,-19.0,20304.0,-2103.0,,,,CAPEX_SOURCE_UNAVAILABLE
ADANIPOWER,2019-03,5610.0,-984.0,-4663.0,-37.0,23884.0,-984.0,,,,CAPEX_SOURCE_UNAVAILABLE
ADANIPOWER,2020-03,5598.0,-2304.0,-2377.0,917.0,26468.0,-2275.0,,,,CAPEX_SOURCE_UNAVAILABLE
ADANIPOWER,2021-03,7014.0,-2188.0,-5655.0,-828.0,26221.0,1270.0,,,,CAPEX_SOURCE_UNAVAILABLE
ADANIPOWER,2022-03,10233.0,774.0,-10338.0,669.0,27711.0,4912.0,,,,CAPEX_SOURCE_UNAVAILABLE
ADANIPOWER,2023-03,8431.0,1545.0,-10408.0,-433.0,38773.0,10727.0,,,,CAPEX_SOURCE_UNAVAILABLE
ADANIPOWER,2024-03,14170.0,3481.0,-16864.0,787.0,50351.0,20829.0,,,,CAPEX_SOURCE_UNAVAILABLE
AMBUJACEM,2012-12,1860.0,-388.0,-509.0,962.0,9749.0,1292.0,,,,CAPEX_SOURCE_UNAVAILABLE
AMBUJACEM,2013-12,1267.0,-496.0,-672.0,99.0,9161.0,1278.0,,,,CAPEX_SOURCE_UNAVAILABLE
AMBUJACEM,2014-12,1675.0,-456.0,-721.0,498.0,9955.0,1487.0,,,,CAPEX_SOURCE_UNAVAILABLE
AMBUJACEM,2015-12,1557.0,-83.0,-900.0,574.0,9437.0,808.0,,,,CAPEX_SOURCE_UNAVAILABLE
AMBUJACEM,2016-12,2810.0,-4165.0,-958.0,-2312.0,20094.0,1434.0,,,,CAPEX_SOURCE_UNAVAILABLE
AMBUJACEM,2017-12,3416.0,-738.0,-1015.0,1663.0,23609.0,1945.0,,,,CAPEX_SOURCE_UNAVAILABLE
AMBUJACEM,2018-12,1703.0,-765.0,-719.0,220.0,26041.0,2973.0,,,,CAPEX_SOURCE_UNAVAILABLE
AMBUJACEM,2019-12,4739.0,-1191.0,-629.0,2919.0,27104.0,2783.0,,,,CAPEX_SOURCE_UNAVAILABLE
AMBUJACEM,2020-12,4832.0,-1317.0,-3956.0,-441.0,24516.0,3107.0,,,,CAPEX_SOURCE_UNAVAILABLE
AMBUJACEM,2021-12,5309.0,-2007.0,-516.0,2786.0,28965.0,3711.0,,,,CAPEX_SOURCE_UNAVAILABLE
AMBUJACEM,2023-03,735.0,-14481.0,2931.0,-10815.0,,,,,,CAPEX_SOURCE_UNAVAILABLE
AMBUJACEM,2024-03,5646.0,-8941.0,5689.0,2394.0,33160.0,4738.0,,,,CAPEX_SOURCE_UNAVAILABLE
APOLLOHOSP,2013-03,443.0,-733.0,373.0,83.0,3769.0,303.0,,,,CAPEX_SOURCE_UNAVAILABLE
APOLLOHOSP,2014-03,373.0,-356.0,-63.0,-46.0,4357.0,315.0,,,,CAPEX_SOURCE_UNAVAILABLE
APOLLOHOSP,2015-03,470.0,-759.0,392.0,103.0,5129.0,335.0,,,,CAPEX_SOURCE_UNAVAILABLE
APOLLOHOSP,2016-03,597.0,-888.0,330.0,39.0,6150.0,235.0,,,,CAPEX_SOURCE_UNAVAILABLE
APOLLOHOSP,2017-03,623.0,-1152.0,477.0,-52.0,7256.0,131.0,,,,CAPEX_SOURCE_UNAVAILABLE
APOLLOHOSP,2018-03,537.0,-405.0,-108.0,24.0,8243.0,60.0,,,,CAPEX_SOURCE_UNAVAILABLE
APOLLOHOSP,2019-03,905.0,-711.0,-215.0,-20.0,9617.0,200.0,,,,CAPEX_SOURCE_UNAVAILABLE
APOLLOHOSP,2020-03,1293.0,-289.0,-910.0,94.0,11247.0,432.0,,,,CAPEX_SOURCE_UNAVAILABLE
APOLLOHOSP,2021-03,1265.0,-880.0,-340.0,44.0,10560.0,137.0,,,,CAPEX_SOURCE_UNAVAILABLE
APOLLOHOSP,2022-03,1696.0,-747.0,-792.0,158.0,14663.0,1108.0,,,,CAPEX_SOURCE_UNAVAILABLE
APOLLOHOSP,2023-03,1377.0,-857.0,-633.0,-113.0,16612.0,844.0,,,,CAPEX_SOURCE_UNAVAILABLE
APOLLOHOSP,2024-03,1920.0,-1537.0,-311.0,72.0,19059.0,935.0,,,,CAPEX_SOURCE_UNAVAILABLE
ASIANPAINT,2013-03,1187.0,-463.0,-601.0,123.0,10504.0,1160.0,,,,CAPEX_SOURCE_UNAVAILABLE
ASIANPAINT,2014-03,1402.0,-586.0,-626.0,190.0,12220.0,1263.0,,,,CAPEX_SOURCE_UNAVAILABLE
ASIANPAINT,2015-03,1188.0,-465.0,-576.0,147.0,13615.0,1427.0,,,,CAPEX_SOURCE_UNAVAILABLE
ASIANPAINT,2016-03,2243.0,-866.0,-849.0,528.0,14271.0,1803.0,,,,CAPEX_SOURCE_UNAVAILABLE
ASIANPAINT,2017-03,1527.0,-681.0,-756.0,90.0,15062.0,2016.0,,,,CAPEX_SOURCE_UNAVAILABLE
ASIANPAINT,2018-03,2113.0,-1556.0,-1379.0,-822.0,16825.0,2098.0,,,,CAPEX_SOURCE_UNAVAILABLE
ASIANPAINT,2019-03,2470.0,-918.0,-1117.0,434.0,19240.0,2208.0,,,,CAPEX_SOURCE_UNAVAILABLE
ASIANPAINT,2020-03,3038.0,-518.0,-2871.0,-351.0,20211.0,2774.0,,,,CAPEX_SOURCE_UNAVAILABLE
ASIANPAINT,2021-03,3683.0,-541.0,-650.0,2492.0,21713.0,3207.0,,,,CAPEX_SOURCE_UNAVAILABLE
ASIANPAINT,2022-03,986.0,-317.0,-1808.0,-1138.0,29101.0,3085.0,,,,CAPEX_SOURCE_UNAVAILABLE
ASIANPAINT,2023-03,4193.0,-1282.0,-2140.0,771.0,34489.0,4195.0,,,,CAPEX_SOURCE_UNAVAILABLE
ASIANPAINT,2024-03,6104.0,-2548.0,-2982.0,573.0,35495.0,5558.0,,,,CAPEX_SOURCE_UNAVAILABLE
AXISBANK,2013-03,2573.0,-10939.0,14931.0,6566.0,27183.0,5179.0,,,,CAPEX_SOURCE_UNAVAILABLE
AXISBANK,2014-03,14464.0,-14166.0,7785.0,8082.0,30641.0,6218.0,,,,CAPEX_SOURCE_UNAVAILABLE
AXISBANK,2015-03,-15162.0,-7972.0,31045.0,7910.0,35479.0,7358.0,,,,CAPEX_SOURCE_UNAVAILABLE
AXISBANK,2016-03,-34495.0,9211.0,22495.0,-2789.0,40988.0,8224.0,,,,CAPEX_SOURCE_UNAVAILABLE
AXISBANK,2017-03,32209.0,-12458.0,-2487.0,17263.0,44542.0,3679.0,,,,CAPEX_SOURCE_UNAVAILABLE
AXISBANK,2018-03,-38390.0,-10007.0,41342.0,-7055.0,45780.0,276.0,,,,CAPEX_SOURCE_UNAVAILABLE
AXISBANK,2019-03,37125.0,-18674.0,5643.0,24094.0,54986.0,4677.0,,,,CAPEX_SOURCE_UNAVAILABLE
AXISBANK,2020-03,30416.0,-9485.0,8865.0,29795.0,62635.0,1627.0,,,,CAPEX_SOURCE_UNAVAILABLE
AXISBANK,2021-03,12633.0,-54288.0,7279.0,-34375.0,63346.0,6588.0,,,,CAPEX_SOURCE_UNAVAILABLE
AXISBANK,2022-03,28137.0,-27112.0,47894.0,48919.0,67377.0,13025.0,,,,CAPEX_SOURCE_UNAVAILABLE
AXISBANK,2023-03,22075.0,-32351.0,6641.0,-3636.0,85164.0,9580.0,,,,CAPEX_SOURCE_UNAVAILABLE
AXISBANK,2024-03,-5555.0,-9001.0,22341.0,7785.0,109369.0,24861.0,,,,CAPEX_SOURCE_UNAVAILABLE
BAJAJ-AUTO,2013-03,2218.0,-1394.0,-1445.0,-621.0,20025.0,3133.0,,,,CAPEX_SOURCE_UNAVAILABLE
BAJAJ-AUTO,2014-03,3502.0,-2072.0,-1496.0,-66.0,20137.0,3380.0,,,,CAPEX_SOURCE_UNAVAILABLE
BAJAJ-AUTO,2015-03,2114.0,-380.0,-1644.0,90.0,21595.0,3026.0,,,,CAPEX_SOURCE_UNAVAILABLE
BAJAJ-AUTO,2016-03,3690.0,-68.0,-3384.0,238.0,22574.0,4061.0,,,,CAPEX_SOURCE_UNAVAILABLE
BAJAJ-AUTO,2017-03,3267.0,-3610.0,-190.0,-532.0,21755.0,4079.0,,,,CAPEX_SOURCE_UNAVAILABLE
BAJAJ-AUTO,2018-03,4328.0,-1954.0,-1885.0,488.0,25210.0,4219.0,,,,CAPEX_SOURCE_UNAVAILABLE
BAJAJ-AUTO,2019-03,2487.0,-273.0,-2074.0,140.0,30358.0,4928.0,,,,CAPEX_SOURCE_UNAVAILABLE
BAJAJ-AUTO,2020-03,3850.0,1766.0,-6247.0,-630.0,29919.0,5212.0,,,,CAPEX_SOURCE_UNAVAILABLE
BAJAJ-AUTO,2021-03,3120.0,-2869.0,-20.0,231.0,27741.0,4857.0,,,,CAPEX_SOURCE_UNAVAILABLE
BAJAJ-AUTO,2022-03,4197.0,276.0,-4056.0,417.0,33145.0,6166.0,,,,CAPEX_SOURCE_UNAVAILABLE
BAJAJ-AUTO,2023-03,5277.0,1211.0,-7181.0,-692.0,36455.0,6060.0,,,,CAPEX_SOURCE_UNAVAILABLE
BAJAJ-AUTO,2024-03,6558.0,-72.0,-6167.0,319.0,44870.0,7708.0,,,,CAPEX_SOURCE_UNAVAILABLE
BAJAJFINSV,2013-03,-6922.0,2953.0,4592.0,623.0,8055.0,2214.0,,,,CAPEX_SOURCE_UNAVAILABLE
BAJAJFINSV,2014-03,-9807.0,3764.0,6521.0,478.0,6023.0,2191.0,,,,CAPEX_SOURCE_UNAVAILABLE
BAJAJFINSV,2015-03,-10731.0,3709.0,6839.0,-183.0,11335.0,2409.0,,,,CAPEX_SOURCE_UNAVAILABLE
BAJAJFINSV,2016-03,-9795.0,-886.0,11602.0,921.0,20533.0,2775.0,,,,CAPEX_SOURCE_UNAVAILABLE
BAJAJFINSV,2017-03,-10922.0,151.0,12513.0,1742.0,24507.0,3450.0,,,,CAPEX_SOURCE_UNAVAILABLE
BAJAJFINSV,2018-03,-19580.0,-922.0,19590.0,-911.0,32862.0,4176.0,,,,CAPEX_SOURCE_UNAVAILABLE
BAJAJFINSV,2019-03,-27076.0,-6903.0,34535.0,555.0,42605.0,5374.0,,,,CAPEX_SOURCE_UNAVAILABLE
BAJAJFINSV,2020-03,-23369.0,-9948.0,34479.0,1162.0,54351.0,5994.0,,,,CAPEX_SOURCE_UNAVAILABLE
BAJAJFINSV,2021-03,4547.0,-3684.0,1687.0,2551.0,60592.0,7367.0,,,,CAPEX_SOURCE_UNAVAILABLE
BAJAJFINSV,2022-03,-33670.0,1445.0,32326.0,101.0,68406.0,8314.0,,,,CAPEX_SOURCE_UNAVAILABLE
BAJAJFINSV,2023-03,-39480.0,-13945.0,51016.0,-2409.0,82072.0,12210.0,,,,CAPEX_SOURCE_UNAVAILABLE
BAJAJFINSV,2024-03,-68674.0,-10960.0,82709.0,3075.0,110382.0,15595.0,,,,CAPEX_SOURCE_UNAVAILABLE
BAJAJHLDNG,2013-03,473.0,-369.0,-332.0,-228.0,337.0,1856.0,,,,CAPEX_SOURCE_UNAVAILABLE
BAJAJHLDNG,2014-03,872.0,-519.0,-326.0,27.0,423.0,1988.0,,,,CAPEX_SOURCE_UNAVAILABLE
BAJAJHLDNG,2015-03,796.0,-464.0,-391.0,-59.0,524.0,2029.0,,,,CAPEX_SOURCE_UNAVAILABLE
BAJAJHLDNG,2016-03,1147.0,1019.0,-761.0,1406.0,470.0,2265.0,,,,CAPEX_SOURCE_UNAVAILABLE
BAJAJHLDNG,2017-03,-923.0,-372.0,-110.0,-1406.0,842.0,2473.0,,,,CAPEX_SOURCE_UNAVAILABLE
BAJAJHLDNG,2018-03,1631.0,-1123.0,-434.0,74.0,420.0,2655.0,,,,CAPEX_SOURCE_UNAVAILABLE
BAJAJHLDNG,2019-03,628.0,-163.0,-536.0,-72.0,431.0,3048.0,,,,CAPEX_SOURCE_UNAVAILABLE
BAJAJHLDNG,2020-03,1920.0,-800.0,-1028.0,92.0,435.0,3080.0,,,,CAPEX_SOURCE_UNAVAILABLE
BAJAJHLDNG,2021-03,272.0,-308.0,-37.0,-73.0,457.0,3654.0,,,,CAPEX_SOURCE_UNAVAILABLE
BAJAJHLDNG,2022-03,1610.0,-151.0,-1460.0,-1.0,484.0,4126.0,,,,CAPEX_SOURCE_UNAVAILABLE
BAJAJHLDNG,2023-03,1728.0,-137.0,-1587.0,4.0,522.0,4946.0,,,,CAPEX_SOURCE_UNAVAILABLE
BAJAJHLDNG,2024-03,1941.0,-472.0,-1455.0,14.0,1702.0,7365.0,,,,CAPEX_SOURCE_UNAVAILABLE
BAJFINANCE,2015-03,-7064.0,-360.0,6867.0,-557.0,5392.0,898.0,,,,CAPEX_SOURCE_UNAVAILABLE
BAJFINANCE,2016-03,-9870.0,-687.0,11656.0,1100.0,7299.0,1279.0,,,,CAPEX_SOURCE_UNAVAILABLE
BAJFINANCE,2017-03,-10439.0,-3047.0,12513.0,-972.0,9970.0,1836.0,,,,CAPEX_SOURCE_UNAVAILABLE
BAJFINANCE,2018-03,-20566.0,1075.0,19503.0,13.0,12746.0,2496.0,,,,CAPEX_SOURCE_UNAVAILABLE
BAJFINANCE,2019-03,-29062.0,-5379.0,34449.0,9.0,18487.0,3995.0,,,,CAPEX_SOURCE_UNAVAILABLE
BAJFINANCE,2020-03,-24412.0,-8758.0,34167.0,998.0,26374.0,5264.0,,,,CAPEX_SOURCE_UNAVAILABLE
BAJFINANCE,2021-03,-807.0,-429.0,1741.0,505.0,26673.0,4420.0,,,,CAPEX_SOURCE_UNAVAILABLE
BAJFINANCE,2022-03,-37090.0,6347.0,32275.0,1532.0,31641.0,7028.0,,,,CAPEX_SOURCE_UNAVAILABLE
BAJFINANCE,2023-03,-42112.0,-10394.0,50675.0,-1831.0,41411.0,11508.0,,,,CAPEX_SOURCE_UNAVAILABLE
BAJFINANCE,2024-03,-72760.0,-7171.0,82415.0,2484.0,54972.0,14451.0,,,,CAPEX_SOURCE_UNAVAILABLE
BANKBARODA,2013-03,23196.0,-514.0,-790.0,21892.0,36442.0,4829.0,,,,CAPEX_SOURCE_UNAVAILABLE
BANKBARODA,2014-03,42233.0,-730.0,5151.0,46654.0,40463.0,5036.0,,,,CAPEX_SOURCE_UNAVAILABLE
BANKBARODA,2015-03,17838.0,-556.0,-6.0,17276.0,44915.0,3950.0,,,,CAPEX_SOURCE_UNAVAILABLE
BANKBARODA,2016-03,-10011.0,-4005.0,-616.0,-14632.0,45799.0,-5033.0,,,,CAPEX_SOURCE_UNAVAILABLE
BANKBARODA,2017-03,17865.0,-551.0,-198.0,17116.0,44473.0,1855.0,,,,CAPEX_SOURCE_UNAVAILABLE
BANKBARODA,2018-03,-59692.0,-414.0,3413.0,-56692.0,46056.0,-1836.0,,,,CAPEX_SOURCE_UNAVAILABLE
BANKBARODA,2019-03,-1449.0,-2537.0,4449.0,462.0,52906.0,1166.0,,,,CAPEX_SOURCE_UNAVAILABLE
BANKBARODA,2020-03,18531.0,-139.0,14729.0,33120.0,78895.0,981.0,,,,CAPEX_SOURCE_UNAVAILABLE
BANKBARODA,2021-03,-887.0,-471.0,-986.0,-2344.0,74314.0,1620.0,,,,CAPEX_SOURCE_UNAVAILABLE
BANKBARODA,2022-03,6210.0,-3645.0,-998.0,1567.0,73385.0,7933.0,,,,CAPEX_SOURCE_UNAVAILABLE
BANKBARODA,2023-03,-21354.0,-1096.0,-5405.0,-27855.0,94503.0,15005.0,,,,CAPEX_SOURCE_UNAVAILABLE
BANKBARODA,2024-03,-6274.0,-1285.0,5476.0,-2084.0,118379.0,18869.0,,,,CAPEX_SOURCE_UNAVAILABLE
BEL,2013-03,-1539.0,1753.0,-158.0,56.0,6273.0,911.0,,,,CAPEX_SOURCE_UNAVAILABLE
BEL,2014-03,-569.0,759.0,-213.0,-23.0,6518.0,952.0,,,,CAPEX_SOURCE_UNAVAILABLE
BEL,2015-03,1434.0,-839.0,-209.0,386.0,7093.0,1197.0,,,,CAPEX_SOURCE_UNAVAILABLE
BEL,2016-03,2260.0,-1470.0,-318.0,472.0,7354.0,1337.0,,,,CAPEX_SOURCE_UNAVAILABLE
BEL,2017-03,-61.0,3115.0,-2857.0,197.0,8656.0,1523.0,,,,CAPEX_SOURCE_UNAVAILABLE
BEL,2018-03,-687.0,-6.0,-1202.0,-1895.0,10401.0,1431.0,,,,CAPEX_SOURCE_UNAVAILABLE
BEL,2019-03,1514.0,-896.0,-663.0,-45.0,12164.0,1887.0,,,,CAPEX_SOURCE_UNAVAILABLE
BEL,2020-03,2570.0,-649.0,-1061.0,861.0,12968.0,1825.0,,,,CAPEX_SOURCE_UNAVAILABLE
BEL,2021-03,5093.0,-2595.0,-1076.0,1422.0,14109.0,2100.0,,,,CAPEX_SOURCE_UNAVAILABLE
BEL,2022-03,4207.0,-4872.0,-1078.0,-1742.0,15368.0,2400.0,,,,CAPEX_SOURCE_UNAVAILABLE
BEL,2023-03,1199.0,2708.0,-1262.0,2645.0,17734.0,2986.0,,,,CAPEX_SOURCE_UNAVAILABLE
BEL,2024-03,4659.0,-5924.0,-1475.0,-2739.0,20268.0,3985.0,,,,CAPEX_SOURCE_UNAVAILABLE
BHARTIARTL,2013-03,22608.0,-18676.0,-4566.0,-634.0,76947.0,2267.0,,,,CAPEX_SOURCE_UNAVAILABLE
BHARTIARTL,2014-03,26233.0,-25181.0,2774.0,3826.0,85864.0,3019.0,,,,CAPEX_SOURCE_UNAVAILABLE
BHARTIARTL,2015-03,28059.0,-22301.0,-9672.0,-3914.0,96101.0,5048.0,,,,CAPEX_SOURCE_UNAVAILABLE
BHARTIARTL,2016-03,27942.0,-14091.0,-11946.0,1905.0,96532.0,6893.0,,,,CAPEX_SOURCE_UNAVAILABLE
BHARTIARTL,2017-03,28280.0,-30680.0,-351.0,-2752.0,95468.0,4241.0,,,,CAPEX_SOURCE_UNAVAILABLE
BHARTIARTL,2018-03,29854.0,-27940.0,1920.0,3835.0,82639.0,2184.0,,,,CAPEX_SOURCE_UNAVAILABLE
BHARTIARTL,2019-03,20070.0,-28286.0,9464.0,1248.0,80780.0,1688.0,,,,CAPEX_SOURCE_UNAVAILABLE
BHARTIARTL,2020-03,18129.0,-29598.0,19144.0,7675.0,87539.0,-30664.0,,,,CAPEX_SOURCE_UNAVAILABLE
BHARTIARTL,2021-03,48205.0,-27286.0,-24910.0,-3991.0,100616.0,-12364.0,,,,CAPEX_SOURCE_UNAVAILABLE
BHARTIARTL,2022-03,55017.0,-41478.0,-15203.0,-1664.0,116547.0,8305.0,,,,CAPEX_SOURCE_UNAVAILABLE
BHARTIARTL,2023-03,65325.0,-39232.0,-24470.0,1623.0,139145.0,12287.0,,,,CAPEX_SOURCE_UNAVAILABLE
BHARTIARTL,2024-03,78898.0,-51089.0,-27778.0,31.0,149982.0,8558.0,,,,CAPEX_SOURCE_UNAVAILABLE
BHEL,2013-03,1759.0,-1113.0,472.0,1118.0,48903.0,6693.0,,,,CAPEX_SOURCE_UNAVAILABLE
BHEL,2014-03,4512.0,-868.0,523.0,4167.0,39561.0,3502.0,,,,CAPEX_SOURCE_UNAVAILABLE
BHEL,2015-03,821.0,650.0,-3543.0,-2071.0,31323.0,1450.0,,,,CAPEX_SOURCE_UNAVAILABLE
BHEL,2016-03,374.0,23.0,-122.0,275.0,25505.0,-706.0,,,,CAPEX_SOURCE_UNAVAILABLE
BHEL,2017-03,560.0,-565.0,-468.0,-473.0,28465.0,455.0,,,,CAPEX_SOURCE_UNAVAILABLE
BHEL,2018-03,989.0,961.0,-667.0,1283.0,28827.0,438.0,,,,CAPEX_SOURCE_UNAVAILABLE
BHEL,2019-03,-3860.0,1919.0,-32.0,-1973.0,30441.0,1002.0,,,,CAPEX_SOURCE_UNAVAILABLE
BHEL,2020-03,-2892.0,1877.0,1622.0,608.0,21463.0,-1468.0,,,,CAPEX_SOURCE_UNAVAILABLE
BHEL,2021-03,560.0,-42.0,-394.0,123.0,17309.0,-2700.0,,,,CAPEX_SOURCE_UNAVAILABLE
BHEL,2022-03,660.0,-1118.0,-329.0,-787.0,21211.0,445.0,,,,CAPEX_SOURCE_UNAVAILABLE
BHEL,2023-03,-741.0,1480.0,89.0,829.0,23365.0,654.0,,,,CAPEX_SOURCE_UNAVAILABLE
BHEL,2024-03,-3713.0,1331.0,2656.0,274.0,23893.0,282.0,,,,CAPEX_SOURCE_UNAVAILABLE
BOSCHLTD,2012-12,871.0,-824.0,-156.0,-108.0,8659.0,958.0,,,,CAPEX_SOURCE_UNAVAILABLE
BOSCHLTD,2013-12,1057.0,-846.0,-238.0,-27.0,8757.0,885.0,,,,CAPEX_SOURCE_UNAVAILABLE
BOSCHLTD,2015-03,1396.0,-1183.0,-237.0,-24.0,12086.0,1338.0,,,,CAPEX_SOURCE_UNAVAILABLE
BOSCHLTD,2016-03,1318.0,-995.0,-356.0,-33.0,9701.0,1531.0,,,,CAPEX_SOURCE_UNAVAILABLE
BOSCHLTD,2017-03,1457.0,1246.0,-2670.0,33.0,10435.0,1741.0,,,,CAPEX_SOURCE_UNAVAILABLE
BOSCHLTD,2018-03,1729.0,-1170.0,-325.0,234.0,11690.0,1371.0,,,,CAPEX_SOURCE_UNAVAILABLE
BOSCHLTD,2019-03,593.0,1766.0,-2531.0,-172.0,12085.0,1598.0,,,,CAPEX_SOURCE_UNAVAILABLE
BOSCHLTD,2020-03,1336.0,-873.0,-399.0,64.0,9842.0,650.0,,,,CAPEX_SOURCE_UNAVAILABLE
BOSCHLTD,2021-03,835.0,-463.0,-338.0,34.0,9718.0,482.0,,,,CAPEX_SOURCE_UNAVAILABLE
BOSCHLTD,2022-03,271.0,-33.0,-383.0,-146.0,11782.0,1217.0,,,,CAPEX_SOURCE_UNAVAILABLE
BOSCHLTD,2023-03,1214.0,262.0,-1239.0,236.0,14929.0,1424.0,,,,CAPEX_SOURCE_UNAVAILABLE
BOSCHLTD,2024-03,1253.0,283.0,-1452.0,84.0,16727.0,2490.0,,,,CAPEX_SOURCE_UNAVAILABLE
BPCL,2013-03,5926.0,-3604.0,-846.0,1476.0,242181.0,1936.0,,,,CAPEX_SOURCE_UNAVAILABLE
BPCL,2014-03,9588.0,-6881.0,-3736.0,-1029.0,264421.0,4053.0,,,,CAPEX_SOURCE_UNAVAILABLE
BPCL,2015-03,20742.0,-10536.0,-9792.0,414.0,242598.0,5082.0,,,,CAPEX_SOURCE_UNAVAILABLE
BPCL,2016-03,11119.0,-9233.0,-1332.0,555.0,187815.0,8089.0,,,,CAPEX_SOURCE_UNAVAILABLE
BPCL,2017-03,9041.0,-15274.0,4804.0,-1429.0,201251.0,9507.0,,,,CAPEX_SOURCE_UNAVAILABLE
BPCL,2018-03,11068.0,-7066.0,-4218.0,-215.0,235895.0,9792.0,,,,CAPEX_SOURCE_UNAVAILABLE
BPCL,2019-03,10157.0,-10451.0,207.0,-87.0,298226.0,8528.0,,,,CAPEX_SOURCE_UNAVAILABLE
BPCL,2020-03,7881.0,-11135.0,3583.0,329.0,284572.0,3666.0,,,,CAPEX_SOURCE_UNAVAILABLE
BPCL,2021-03,23455.0,-2474.0,-13981.0,7000.0,230171.0,17320.0,,,,CAPEX_SOURCE_UNAVAILABLE
BPCL,2022-03,20336.0,-8138.0,-17672.0,-5474.0,346791.0,11682.0,,,,CAPEX_SOURCE_UNAVAILABLE
BPCL,2023-03,12466.0,-7806.0,-4402.0,257.0,473187.0,2131.0,,,,CAPEX_SOURCE_UNAVAILABLE
BPCL,2024-03,35936.0,-10521.0,-25427.0,-12.0,448083.0,26859.0,,,,CAPEX_SOURCE_UNAVAILABLE
BRITANNIA,2013-03,320.0,28.0,-378.0,-30.0,6185.0,260.0,,,,CAPEX_SOURCE_UNAVAILABLE
BRITANNIA,2014-03,671.0,-246.0,-357.0,68.0,6913.0,395.0,,,,CAPEX_SOURCE_UNAVAILABLE
BRITANNIA,2015-03,584.0,-450.0,-181.0,-47.0,7858.0,689.0,,,,CAPEX_SOURCE_UNAVAILABLE
BRITANNIA,2016-03,959.0,-705.0,-246.0,8.0,8397.0,825.0,,,,CAPEX_SOURCE_UNAVAILABLE
BRITANNIA,2017-03,441.0,-150.0,-295.0,-4.0,9054.0,885.0,,,,CAPEX_SOURCE_UNAVAILABLE
BRITANNIA,2018-03,1249.0,-957.0,-232.0,60.0,9914.0,1004.0,,,,CAPEX_SOURCE_UNAVAILABLE
BRITANNIA,2019-03,1156.0,-852.0,-353.0,-49.0,11055.0,1155.0,,,,CAPEX_SOURCE_UNAVAILABLE
BRITANNIA,2020-03,1485.0,-1526.0,58.0,17.0,11600.0,1394.0,,,,CAPEX_SOURCE_UNAVAILABLE
BRITANNIA,2021-03,1876.0,433.0,-2242.0,66.0,13136.0,1851.0,,,,CAPEX_SOURCE_UNAVAILABLE
BRITANNIA,2022-03,1300.0,914.0,-2246.0,-32.0,14136.0,1516.0,,,,CAPEX_SOURCE_UNAVAILABLE
BRITANNIA,2023-03,2526.0,-1507.0,-1028.0,-9.0,16301.0,2316.0,,,,CAPEX_SOURCE_UNAVAILABLE
BRITANNIA,2024-03,2573.0,477.0,-2830.0,219.0,16769.0,2134.0,,,,CAPEX_SOURCE_UNAVAILABLE
CANBK,2013-03,8010.0,-435.0,-1043.0,6532.0,34070.0,2995.0,,,,CAPEX_SOURCE_UNAVAILABLE
CANBK,2014-03,14244.0,-380.0,-3771.0,10092.0,39570.0,2672.0,,,,CAPEX_SOURCE_UNAVAILABLE
CANBK,2015-03,6344.0,-1104.0,-1464.0,3776.0,43813.0,2931.0,,,,CAPEX_SOURCE_UNAVAILABLE
CANBK,2016-03,9346.0,-443.0,-806.0,8096.0,44039.0,-2535.0,,,,CAPEX_SOURCE_UNAVAILABLE
CANBK,2017-03,2575.0,-476.0,124.0,2224.0,41457.0,1411.0,,,,CAPEX_SOURCE_UNAVAILABLE
CANBK,2018-03,-11120.0,-487.0,2865.0,-8743.0,41345.0,-3873.0,,,,CAPEX_SOURCE_UNAVAILABLE
CANBK,2019-03,18237.0,-745.0,-1185.0,16307.0,47951.0,696.0,,,,CAPEX_SOURCE_UNAVAILABLE
CANBK,2020-03,-5289.0,-445.0,7792.0,2059.0,49759.0,-1921.0,,,,CAPEX_SOURCE_UNAVAILABLE
CANBK,2021-03,59118.0,-1116.0,290.0,58291.0,70253.0,2957.0,,,,CAPEX_SOURCE_UNAVAILABLE
CANBK,2022-03,919.0,-1429.0,4035.0,3525.0,70614.0,6158.0,,,,CAPEX_SOURCE_UNAVAILABLE
CANBK,2023-03,-39978.0,-1156.0,445.0,-40689.0,85885.0,11345.0,,,,CAPEX_SOURCE_UNAVAILABLE
CANBK,2024-03,15046.0,-1750.0,-3834.0,9462.0,110519.0,15401.0,,,,CAPEX_SOURCE_UNAVAILABLE
CHOLAFIN,2013-03,-3754.0,5.0,4067.0,317.0,2570.0,308.0,,,,CAPEX_SOURCE_UNAVAILABLE
CHOLAFIN,2014-03,-2447.0,-83.0,2749.0,219.0,3279.0,368.0,,,,CAPEX_SOURCE_UNAVAILABLE
CHOLAFIN,2015-03,-2264.0,-40.0,1819.0,-485.0,3715.0,444.0,,,,CAPEX_SOURCE_UNAVAILABLE
CHOLAFIN,2016-03,-2809.0,-137.0,3031.0,85.0,4214.0,575.0,,,,CAPEX_SOURCE_UNAVAILABLE
CHOLAFIN,2017-03,-1468.0,-222.0,1692.0,2.0,4694.0,718.0,,,,CAPEX_SOURCE_UNAVAILABLE
CHOLAFIN,2018-03,-7926.0,-60.0,8009.0,22.0,5559.0,918.0,,,,CAPEX_SOURCE_UNAVAILABLE
CHOLAFIN,2019-03,-9317.0,-11.0,12191.0,2862.0,7108.0,1197.0,,,,CAPEX_SOURCE_UNAVAILABLE
CHOLAFIN,2020-03,-2075.0,-54.0,2452.0,323.0,8712.0,1054.0,,,,CAPEX_SOURCE_UNAVAILABLE
CHOLAFIN,2021-03,-8848.0,-1746.0,8707.0,-1888.0,9583.0,1521.0,,,,CAPEX_SOURCE_UNAVAILABLE
CHOLAFIN,2022-03,-5571.0,1640.0,5150.0,1218.0,10148.0,2154.0,,,,CAPEX_SOURCE_UNAVAILABLE
CHOLAFIN,2023-03,-27105.0,-2148.0,27466.0,-1787.0,12884.0,2665.0,,,,CAPEX_SOURCE_UNAVAILABLE
CHOLAFIN,2024-03,-35683.0,-2855.0,38471.0,-66.0,19163.0,3420.0,,,,CAPEX_SOURCE_UNAVAILABLE
CIPLA,2013-03,1398.0,-2063.0,718.0,53.0,8279.0,1545.0,,,,CAPEX_SOURCE_UNAVAILABLE
CIPLA,2014-03,1563.0,-1265.0,-266.0,33.0,10173.0,1404.0,,,,CAPEX_SOURCE_UNAVAILABLE
CIPLA,2015-03,1173.0,-950.0,165.0,388.0,11345.0,1229.0,,,,CAPEX_SOURCE_UNAVAILABLE
CIPLA,2016-03,1741.0,-4533.0,3104.0,312.0,13790.0,1383.0,,,,CAPEX_SOURCE_UNAVAILABLE
CIPLA,2017-03,2382.0,-1304.0,-1326.0,-248.0,14394.0,1035.0,,,,CAPEX_SOURCE_UNAVAILABLE
CIPLA,2018-03,1463.0,-834.0,-385.0,243.0,15156.0,1417.0,,,,CAPEX_SOURCE_UNAVAILABLE
CIPLA,2019-03,1691.0,-1688.0,-349.0,-345.0,16362.0,1492.0,,,,CAPEX_SOURCE_UNAVAILABLE
CIPLA,2020-03,3068.0,114.0,-2949.0,234.0,17132.0,1500.0,,,,CAPEX_SOURCE_UNAVAILABLE
CIPLA,2021-03,3755.0,-2374.0,-1240.0,141.0,19160.0,2389.0,,,,CAPEX_SOURCE_UNAVAILABLE
CIPLA,2022-03,3326.0,-1858.0,-1600.0,-132.0,21763.0,2547.0,,,,CAPEX_SOURCE_UNAVAILABLE
CIPLA,2023-03,3238.0,-2376.0,-958.0,-97.0,22753.0,2833.0,,,,CAPEX_SOURCE_UNAVAILABLE
CIPLA,2024-03,4134.0,-2982.0,-1200.0,-49.0,25774.0,4154.0,,,,CAPEX_SOURCE_UNAVAILABLE
COALINDIA,2013-03,9109.0,-1833.0,-7852.0,-575.0,68303.0,17356.0,,,,CAPEX_SOURCE_UNAVAILABLE
COALINDIA,2014-03,14525.0,8580.0,-25350.0,-2246.0,70608.0,15112.0,,,,CAPEX_SOURCE_UNAVAILABLE
COALINDIA,2015-03,14382.0,894.0,-15026.0,250.0,74120.0,13727.0,,,,CAPEX_SOURCE_UNAVAILABLE
COALINDIA,2016-03,13154.0,8154.0,-19587.0,1721.0,77861.0,14267.0,,,,CAPEX_SOURCE_UNAVAILABLE
COALINDIA,2017-03,16461.0,455.0,-17598.0,-682.0,78164.0,9280.0,,,,CAPEX_SOURCE_UNAVAILABLE
COALINDIA,2018-03,21115.0,-7747.0,-13564.0,-196.0,85244.0,7038.0,,,,CAPEX_SOURCE_UNAVAILABLE
COALINDIA,2019-03,16356.0,-7896.0,-10885.0,-2426.0,99586.0,17464.0,,,,CAPEX_SOURCE_UNAVAILABLE
COALINDIA,2020-03,4977.0,1033.0,-4791.0,1219.0,96080.0,16700.0,,,,CAPEX_SOURCE_UNAVAILABLE
COALINDIA,2021-03,10592.0,182.0,-8453.0,2321.0,90026.0,12702.0,,,,CAPEX_SOURCE_UNAVAILABLE
COALINDIA,2022-03,41107.0,-25715.0,-13441.0,1951.0,109715.0,17378.0,,,,CAPEX_SOURCE_UNAVAILABLE
COALINDIA,2023-03,35734.0,-23465.0,-13704.0,-1436.0,138252.0,31723.0,,,,CAPEX_SOURCE_UNAVAILABLE
COALINDIA,2024-03,18103.0,-4486.0,-13899.0,-282.0,142324.0,37369.0,,,,CAPEX_SOURCE_UNAVAILABLE
DABUR,2013-03,870.0,-622.0,-234.0,13.0,6140.0,766.0,,,,CAPEX_SOURCE_UNAVAILABLE
DABUR,2014-03,1098.0,-104.0,-804.0,190.0,7058.0,916.0,,,,CAPEX_SOURCE_UNAVAILABLE
DABUR,2015-03,1047.0,-876.0,-417.0,-245.0,7795.0,1068.0,,,,CAPEX_SOURCE_UNAVAILABLE
DABUR,2016-03,1187.0,-730.0,-374.0,82.0,7780.0,1254.0,,,,CAPEX_SOURCE_UNAVAILABLE
DABUR,2017-03,1227.0,-807.0,-339.0,81.0,7614.0,1280.0,,,,CAPEX_SOURCE_UNAVAILABLE
DABUR,2018-03,1092.0,-541.0,-577.0,-27.0,7722.0,1358.0,,,,CAPEX_SOURCE_UNAVAILABLE
DABUR,2019-03,1499.0,338.0,-1888.0,-51.0,8515.0,1446.0,,,,CAPEX_SOURCE_UNAVAILABLE
DABUR,2020-03,1614.0,-517.0,-1043.0,54.0,8685.0,1448.0,,,,CAPEX_SOURCE_UNAVAILABLE
DABUR,2021-03,2115.0,-1404.0,-613.0,97.0,9562.0,1695.0,,,,CAPEX_SOURCE_UNAVAILABLE
DABUR,2022-03,1802.0,-1273.0,-490.0,38.0,10889.0,1742.0,,,,CAPEX_SOURCE_UNAVAILABLE
DABUR,2023-03,1488.0,-583.0,-1035.0,-130.0,11530.0,1701.0,,,,CAPEX_SOURCE_UNAVAILABLE
DABUR,2024-03,2013.0,-971.0,-1161.0,-119.0,12404.0,1811.0,,,,CAPEX_SOURCE_UNAVAILABLE
DIVISLAB,2013-03,480.0,-255.0,-231.0,-5.0,2145.0,602.0,,,,CAPEX_SOURCE_UNAVAILABLE
DIVISLAB,2014-03,557.0,-305.0,-248.0,3.0,2532.0,773.0,,,,CAPEX_SOURCE_UNAVAILABLE
DIVISLAB,2015-03,826.0,-521.0,-303.0,3.0,3115.0,852.0,,,,CAPEX_SOURCE_UNAVAILABLE
DIVISLAB,2016-03,1038.0,-406.0,-631.0,0.0,3776.0,1126.0,,,,CAPEX_SOURCE_UNAVAILABLE
DIVISLAB,2017-03,1150.0,-1140.0,2.0,13.0,4064.0,1060.0,,,,CAPEX_SOURCE_UNAVAILABLE
DIVISLAB,2018-03,776.0,-478.0,-314.0,-17.0,3891.0,877.0,,,,CAPEX_SOURCE_UNAVAILABLE
DIVISLAB,2019-03,954.0,-685.0,-246.0,23.0,4946.0,1353.0,,,,CAPEX_SOURCE_UNAVAILABLE
DIVISLAB,2020-03,1216.0,-83.0,-1091.0,41.0,5394.0,1377.0,,,,CAPEX_SOURCE_UNAVAILABLE
DIVISLAB,2021-03,1947.0,75.0,-35.0,1987.0,6969.0,1984.0,,,,CAPEX_SOURCE_UNAVAILABLE
DIVISLAB,2022-03,1912.0,-2195.0,-532.0,-816.0,8960.0,2960.0,,,,CAPEX_SOURCE_UNAVAILABLE
DIVISLAB,2023-03,2459.0,-2707.0,-797.0,-1045.0,7767.0,1824.0,,,,CAPEX_SOURCE_UNAVAILABLE
DIVISLAB,2024-03,1261.0,-269.0,-799.0,193.0,7845.0,1600.0,,,,CAPEX_SOURCE_UNAVAILABLE
DLF,2013-03,2009.0,1995.0,-3951.0,52.0,7773.0,667.0,,,,CAPEX_SOURCE_UNAVAILABLE
DLF,2014-03,1468.0,3924.0,-4532.0,860.0,8298.0,590.0,,,,CAPEX_SOURCE_UNAVAILABLE
DLF,2015-03,2037.0,98.0,-1547.0,588.0,7649.0,507.0,,,,CAPEX_SOURCE_UNAVAILABLE
DLF,2016-03,2957.0,-818.0,-1929.0,210.0,9926.0,305.0,,,,CAPEX_SOURCE_UNAVAILABLE
DLF,2017-03,-898.0,872.0,787.0,761.0,8221.0,708.0,,,,CAPEX_SOURCE_UNAVAILABLE
DLF,2018-03,270.0,-2102.0,-232.0,-2064.0,6707.0,4477.0,,,,CAPEX_SOURCE_UNAVAILABLE
DLF,2019-03,2043.0,3.0,875.0,2921.0,8366.0,1314.0,,,,CAPEX_SOURCE_UNAVAILABLE
DLF,2020-03,356.0,6508.0,-9522.0,-2658.0,6083.0,-590.0,,,,CAPEX_SOURCE_UNAVAILABLE
DLF,2021-03,1460.0,150.0,-2184.0,-573.0,5414.0,1083.0,,,,CAPEX_SOURCE_UNAVAILABLE
DLF,2022-03,2832.0,267.0,-3828.0,-729.0,5717.0,1500.0,,,,CAPEX_SOURCE_UNAVAILABLE
DLF,2023-03,2375.0,-461.0,-2013.0,-98.0,5695.0,2034.0,,,,CAPEX_SOURCE_UNAVAILABLE
DLF,2024-03,2539.0,-1529.0,177.0,1186.0,6427.0,2724.0,,,,CAPEX_SOURCE_UNAVAILABLE
DMART,2013-03,127.0,-231.0,118.0,14.0,3341.0,94.0,,,,CAPEX_SOURCE_UNAVAILABLE
DMART,2014-03,198.0,-270.0,65.0,-7.0,4686.0,161.0,,,,CAPEX_SOURCE_UNAVAILABLE
DMART,2015-03,222.0,-474.0,234.0,-17.0,6439.0,212.0,,,,CAPEX_SOURCE_UNAVAILABLE
DMART,2016-03,433.0,-633.0,196.0,-3.0,8584.0,320.0,,,,CAPEX_SOURCE_UNAVAILABLE
DMART,2017-03,455.0,-2482.0,2025.0,-1.0,11898.0,479.0,,,,CAPEX_SOURCE_UNAVAILABLE
DMART,2018-03,730.0,464.0,-1159.0,34.0,15033.0,806.0,,,,CAPEX_SOURCE_UNAVAILABLE
DMART,2019-03,807.0,-958.0,209.0,57.0,20005.0,902.0,,,,CAPEX_SOURCE_UNAVAILABLE
DMART,2020-03,1280.0,-4657.0,3357.0,-19.0,24870.0,1301.0,,,,CAPEX_SOURCE_UNAVAILABLE
DMART,2021-03,1375.0,-1110.0,-180.0,86.0,24143.0,1099.0,,,,CAPEX_SOURCE_UNAVAILABLE
DMART,2022-03,1372.0,-1289.0,-179.0,-96.0,30976.0,1492.0,,,,CAPEX_SOURCE_UNAVAILABLE
DMART,2023-03,2630.0,-2313.0,-205.0,112.0,42840.0,2378.0,,,,CAPEX_SOURCE_UNAVAILABLE
DMART,2024-03,2746.0,-2468.0,-148.0,130.0,50789.0,2536.0,,,,CAPEX_SOURCE_UNAVAILABLE
DRREDDY,2013-03,1378.0,-1437.0,-157.0,-216.0,11833.0,1527.0,,,,CAPEX_SOURCE_UNAVAILABLE
DRREDDY,2014-03,1970.0,-1604.0,-24.0,342.0,13415.0,1963.0,,,,CAPEX_SOURCE_UNAVAILABLE
DRREDDY,2015-03,2524.0,-2370.0,-433.0,-280.0,15023.0,2336.0,,,,CAPEX_SOURCE_UNAVAILABLE
DRREDDY,2016-03,3263.0,-1610.0,-1700.0,-47.0,15568.0,2131.0,,,,CAPEX_SOURCE_UNAVAILABLE
DRREDDY,2017-03,2144.0,-1890.0,-369.0,-114.0,14196.0,1292.0,,,,CAPEX_SOURCE_UNAVAILABLE
DRREDDY,2018-03,1803.0,-1483.0,-444.0,-124.0,14281.0,947.0,,,,CAPEX_SOURCE_UNAVAILABLE
DRREDDY,2019-03,2870.0,-769.0,-2133.0,-31.0,15448.0,1950.0,,,,CAPEX_SOURCE_UNAVAILABLE
DRREDDY,2020-03,2984.0,-495.0,-2516.0,-27.0,17517.0,2026.0,,,,CAPEX_SOURCE_UNAVAILABLE
DRREDDY,2021-03,3570.0,-2255.0,-30.0,1286.0,19048.0,1952.0,,,,CAPEX_SOURCE_UNAVAILABLE
DRREDDY,2022-03,2811.0,-2565.0,-242.0,3.0,21545.0,2182.0,,,,CAPEX_SOURCE_UNAVAILABLE
DRREDDY,2023-03,5888.0,-4109.0,-2686.0,-907.0,24670.0,4507.0,,,,CAPEX_SOURCE_UNAVAILABLE
DRREDDY,2024-03,4543.0,-4034.0,-376.0,133.0,28011.0,5578.0,,,,CAPEX_SOURCE_UNAVAILABLE
EICHERMOT,2012-12,496.0,-773.0,-111.0,-388.0,6390.0,475.0,,,,CAPEX_SOURCE_UNAVAILABLE
EICHERMOT,2013-12,716.0,-790.0,-47.0,-121.0,6810.0,525.0,,,,CAPEX_SOURCE_UNAVAILABLE
EICHERMOT,2014-12,1047.0,-1214.0,-162.0,-329.0,8738.0,702.0,,,,CAPEX_SOURCE_UNAVAILABLE
EICHERMOT,2016-03,1463.0,-1001.0,-466.0,-4.0,6173.0,1338.0,,,,CAPEX_SOURCE_UNAVAILABLE
EICHERMOT,2017-03,1708.0,-1744.0,25.0,-10.0,7033.0,1667.0,,,,CAPEX_SOURCE_UNAVAILABLE
EICHERMOT,2018-03,2482.0,-2145.0,-262.0,75.0,8965.0,1960.0,,,,CAPEX_SOURCE_UNAVAILABLE
EICHERMOT,2019-03,1575.0,-660.0,-292.0,623.0,9797.0,2203.0,,,,CAPEX_SOURCE_UNAVAILABLE
EICHERMOT,2020-03,1694.0,-1508.0,-858.0,-673.0,9154.0,1827.0,,,,CAPEX_SOURCE_UNAVAILABLE
EICHERMOT,2021-03,1691.0,-1625.0,-15.0,51.0,8720.0,1347.0,,,,CAPEX_SOURCE_UNAVAILABLE
EICHERMOT,2022-03,1527.0,-983.0,-593.0,-50.0,10298.0,1677.0,,,,CAPEX_SOURCE_UNAVAILABLE
EICHERMOT,2023-03,2823.0,-2397.0,-417.0,8.0,14442.0,2914.0,,,,CAPEX_SOURCE_UNAVAILABLE
EICHERMOT,2024-03,3724.0,-2834.0,-844.0,45.0,16536.0,4001.0,,,,CAPEX_SOURCE_UNAVAILABLE
GAIL,2013-03,6603.0,-8626.0,3642.0,1618.0,50974.0,4367.0,,,,CAPEX_SOURCE_UNAVAILABLE
GAIL,2014-03,4615.0,-4466.0,-3.0,146.0,61765.0,4786.0,,,,CAPEX_SOURCE_UNAVAILABLE
GAIL,2015-03,4214.0,-2809.0,-3058.0,-1653.0,60557.0,3160.0,,,,CAPEX_SOURCE_UNAVAILABLE
GAIL,2016-03,3960.0,-904.0,-3028.0,29.0,52053.0,1874.0,,,,CAPEX_SOURCE_UNAVAILABLE
GAIL,2017-03,6024.0,-334.0,-5275.0,415.0,48552.0,3374.0,,,,CAPEX_SOURCE_UNAVAILABLE
GAIL,2018-03,8769.0,-2660.0,-5252.0,858.0,54496.0,4805.0,,,,CAPEX_SOURCE_UNAVAILABLE
GAIL,2019-03,7984.0,-5701.0,-3364.0,-1081.0,76190.0,6553.0,,,,CAPEX_SOURCE_UNAVAILABLE
GAIL,2020-03,8345.0,-8299.0,281.0,328.0,72518.0,9515.0,,,,CAPEX_SOURCE_UNAVAILABLE
GAIL,2021-03,8993.0,-4640.0,-3471.0,882.0,57372.0,6143.0,,,,CAPEX_SOURCE_UNAVAILABLE
GAIL,2022-03,9420.0,-5490.0,-3917.0,13.0,92770.0,12304.0,,,,CAPEX_SOURCE_UNAVAILABLE
GAIL,2023-03,3205.0,-7453.0,2972.0,-1276.0,145668.0,5596.0,,,,CAPEX_SOURCE_UNAVAILABLE
GAIL,2024-03,12586.0,-8226.0,-3457.0,902.0,133228.0,9903.0,,,,CAPEX_SOURCE_UNAVAILABLE
GODREJCP,2013-03,820.0,-865.0,282.0,237.0,6412.0,845.0,,,,CAPEX_SOURCE_UNAVAILABLE
GODREJCP,2014-03,1116.0,-494.0,-620.0,1.0,7599.0,819.0,,,,CAPEX_SOURCE_UNAVAILABLE
GODREJCP,2015-03,1027.0,-1236.0,-12.0,-221.0,8273.0,976.0,,,,CAPEX_SOURCE_UNAVAILABLE
GODREJCP,2016-03,847.0,-622.0,-202.0,23.0,8424.0,831.0,,,,CAPEX_SOURCE_UNAVAILABLE
GODREJCP,2017-03,1860.0,-2243.0,665.0,282.0,9268.0,1308.0,,,,CAPEX_SOURCE_UNAVAILABLE
GODREJCP,2018-03,1723.0,-336.0,-1384.0,3.0,9847.0,1634.0,,,,CAPEX_SOURCE_UNAVAILABLE
GODREJCP,2019-03,1729.0,274.0,-2039.0,-36.0,10314.0,2342.0,,,,CAPEX_SOURCE_UNAVAILABLE
GODREJCP,2020-03,1588.0,-552.0,-1295.0,-259.0,9911.0,1497.0,,,,CAPEX_SOURCE_UNAVAILABLE
GODREJCP,2021-03,2030.0,-292.0,-1816.0,-79.0,11029.0,1721.0,,,,CAPEX_SOURCE_UNAVAILABLE
GODREJCP,2022-03,1451.0,-844.0,-380.0,227.0,12276.0,1783.0,,,,CAPEX_SOURCE_UNAVAILABLE
GODREJCP,2023-03,2151.0,-1754.0,-794.0,-398.0,13316.0,1702.0,,,,CAPEX_SOURCE_UNAVAILABLE
GODREJCP,2024-03,2070.0,-3435.0,1406.0,41.0,14096.0,-561.0,,,,CAPEX_SOURCE_UNAVAILABLE
GRASIM,2013-03,4242.0,-5687.0,1348.0,-97.0,27909.0,3778.0,,,,CAPEX_SOURCE_UNAVAILABLE
GRASIM,2014-03,3549.0,-2336.0,-1046.0,168.0,28331.0,2954.0,,,,CAPEX_SOURCE_UNAVAILABLE
GRASIM,2015-03,4594.0,-2359.0,-2278.0,-42.0,31734.0,2582.0,,,,CAPEX_SOURCE_UNAVAILABLE
GRASIM,2016-03,5868.0,-4515.0,-1365.0,-11.0,34487.0,3455.0,,,,CAPEX_SOURCE_UNAVAILABLE
GRASIM,2017-03,7288.0,-3509.0,-3799.0,-20.0,36068.0,4246.0,,,,CAPEX_SOURCE_UNAVAILABLE
GRASIM,2018-03,-4140.0,1546.0,3449.0,856.0,55894.0,3688.0,,,,CAPEX_SOURCE_UNAVAILABLE
GRASIM,2019-03,-1659.0,-2212.0,4158.0,287.0,77200.0,2745.0,,,,CAPEX_SOURCE_UNAVAILABLE
GRASIM,2020-03,16620.0,-11364.0,-3418.0,1838.0,68252.0,6639.0,,,,CAPEX_SOURCE_UNAVAILABLE
GRASIM,2021-03,15075.0,-7146.0,-8003.0,-75.0,76404.0,6987.0,,,,CAPEX_SOURCE_UNAVAILABLE
GRASIM,2022-03,7038.0,-1053.0,-6733.0,-748.0,95701.0,11206.0,,,,CAPEX_SOURCE_UNAVAILABLE
GRASIM,2023-03,-12685.0,-13712.0,26469.0,72.0,117627.0,11078.0,,,,CAPEX_SOURCE_UNAVAILABLE
GRASIM,2024-03,-10719.0,-23114.0,33908.0,75.0,130978.0,9926.0,,,,CAPEX_SOURCE_UNAVAILABLE
HAL,2017-03,-423.0,3021.0,-164.0,2433.0,17950.0,2616.0,,,,CAPEX_SOURCE_UNAVAILABLE
HAL,2018-03,-734.0,594.0,-2540.0,-2680.0,18519.0,1987.0,,,,CAPEX_SOURCE_UNAVAILABLE
HAL,2019-03,-7694.0,5292.0,2321.0,-80.0,20008.0,2346.0,,,,CAPEX_SOURCE_UNAVAILABLE
HAL,2020-03,1537.0,-1334.0,64.0,266.0,21445.0,2842.0,,,,CAPEX_SOURCE_UNAVAILABLE
HAL,2021-03,15124.0,-1190.0,-7070.0,6864.0,22882.0,3239.0,,,,CAPEX_SOURCE_UNAVAILABLE
HAL,2022-03,10180.0,-12789.0,-1464.0,-4072.0,24620.0,5086.0,,,,CAPEX_SOURCE_UNAVAILABLE
HAL,2023-03,8836.0,-5734.0,-1731.0,1370.0,26928.0,5811.0,,,,CAPEX_SOURCE_UNAVAILABLE
HAL,2024-03,8226.0,-6412.0,-1999.0,-185.0,30381.0,7595.0,,,,CAPEX_SOURCE_UNAVAILABLE
HAVELLS,2013-03,638.0,-144.0,-252.0,242.0,7135.0,581.0,,,,CAPEX_SOURCE_UNAVAILABLE
HAVELLS,2014-03,868.0,-376.0,-310.0,183.0,8051.0,446.0,,,,CAPEX_SOURCE_UNAVAILABLE
HAVELLS,2015-03,963.0,-485.0,-754.0,-277.0,8468.0,385.0,,,,CAPEX_SOURCE_UNAVAILABLE
HAVELLS,2016-03,513.0,-121.0,-621.0,-229.0,7594.0,1300.0,,,,CAPEX_SOURCE_UNAVAILABLE
HAVELLS,2017-03,767.0,-220.0,-98.0,450.0,6130.0,494.0,,,,CAPEX_SOURCE_UNAVAILABLE
HAVELLS,2018-03,1100.0,-946.0,-409.0,-255.0,8116.0,661.0,,,,CAPEX_SOURCE_UNAVAILABLE
HAVELLS,2019-03,501.0,185.0,-318.0,368.0,10073.0,788.0,,,,CAPEX_SOURCE_UNAVAILABLE
HAVELLS,2020-03,827.0,-548.0,-716.0,-437.0,9440.0,735.0,,,,CAPEX_SOURCE_UNAVAILABLE
HAVELLS,2021-03,660.0,-763.0,190.0,87.0,10457.0,1044.0,,,,CAPEX_SOURCE_UNAVAILABLE
HAVELLS,2022-03,1728.0,-759.0,-547.0,421.0,13938.0,1196.0,,,,CAPEX_SOURCE_UNAVAILABLE
HAVELLS,2023-03,565.0,31.0,-907.0,-311.0,16911.0,1072.0,,,,CAPEX_SOURCE_UNAVAILABLE
HAVELLS,2024-03,1953.0,-1618.0,-534.0,-199.0,18590.0,1271.0,,,,CAPEX_SOURCE_UNAVAILABLE
HCLTECH,2013-06,4492.0,-2361.0,-2086.0,44.0,25581.0,4040.0,,,,CAPEX_SOURCE_UNAVAILABLE
HCLTECH,2014-06,6457.0,-4842.0,-1308.0,307.0,32144.0,6528.0,,,,CAPEX_SOURCE_UNAVAILABLE
HCLTECH,2015-06,5539.0,-2088.0,-3140.0,311.0,36701.0,7342.0,,,,CAPEX_SOURCE_UNAVAILABLE
HCLTECH,2016-03,3823.0,-2208.0,-2237.0,-623.0,,,,,,CAPEX_SOURCE_UNAVAILABLE
HCLTECH,2017-03,8995.0,-3890.0,-4517.0,588.0,47568.0,8606.0,,,,CAPEX_SOURCE_UNAVAILABLE
HCLTECH,2018-03,8328.0,-2236.0,-5714.0,378.0,50569.0,8722.0,,,,CAPEX_SOURCE_UNAVAILABLE
HCLTECH,2019-03,8971.0,-3256.0,-1471.0,4244.0,60427.0,10120.0,,,,CAPEX_SOURCE_UNAVAILABLE
HCLTECH,2020-03,13359.0,-12332.0,-3168.0,-2141.0,70676.0,11057.0,,,,CAPEX_SOURCE_UNAVAILABLE
HCLTECH,2021-03,19618.0,-5665.0,-11192.0,2761.0,75379.0,11169.0,,,,CAPEX_SOURCE_UNAVAILABLE
HCLTECH,2022-03,16900.0,1597.0,-14508.0,3989.0,85651.0,13523.0,,,,CAPEX_SOURCE_UNAVAILABLE
HCLTECH,2023-03,18009.0,-3573.0,-15881.0,-1445.0,101456.0,14845.0,,,,CAPEX_SOURCE_UNAVAILABLE
HCLTECH,2024-03,22448.0,-6608.0,-15464.0,376.0,109913.0,15710.0,,,,CAPEX_SOURCE_UNAVAILABLE
HDFCBANK,2013-03,-5847.0,-902.0,13105.0,6356.0,35861.0,6903.0,,,,CAPEX_SOURCE_UNAVAILABLE
HDFCBANK,2014-03,4211.0,-1099.0,9270.0,12382.0,42555.0,8768.0,,,,CAPEX_SOURCE_UNAVAILABLE
HDFCBANK,2015-03,-21281.0,-800.0,18694.0,-3387.0,50666.0,10703.0,,,,CAPEX_SOURCE_UNAVAILABLE
HDFCBANK,2016-03,-34435.0,-837.0,37815.0,2542.0,63162.0,12821.0,,,,CAPEX_SOURCE_UNAVAILABLE
HDFCBANK,2017-03,17282.0,-1146.0,-5893.0,10242.0,73271.0,15317.0,,,,CAPEX_SOURCE_UNAVAILABLE
HDFCBANK,2018-03,17214.0,-842.0,57378.0,73750.0,85288.0,18561.0,,,,CAPEX_SOURCE_UNAVAILABLE
HDFCBANK,2019-03,-62872.0,-1503.0,23131.0,-41244.0,105161.0,22446.0,,,,CAPEX_SOURCE_UNAVAILABLE
HDFCBANK,2020-03,-16869.0,-1403.0,24394.0,6122.0,122189.0,27296.0,,,,CAPEX_SOURCE_UNAVAILABLE
HDFCBANK,2021-03,42476.0,-1823.0,-7321.0,33332.0,128552.0,31857.0,,,,CAPEX_SOURCE_UNAVAILABLE
HDFCBANK,2022-03,-11960.0,-2051.0,48124.0,34113.0,135936.0,38151.0,,,,CAPEX_SOURCE_UNAVAILABLE
HDFCBANK,2023-03,20814.0,-2992.0,23941.0,41762.0,170754.0,46149.0,,,,CAPEX_SOURCE_UNAVAILABLE
HDFCBANK,2024-03,19069.0,16600.0,-3983.0,31687.0,283649.0,65446.0,,,,CAPEX_SOURCE_UNAVAILABLE
HDFCLIFE,2013-03,,,,,14060.0,447.0,,,,CAPEX_SOURCE_UNAVAILABLE
HDFCLIFE,2014-03,,,,,17166.0,725.0,,,,CAPEX_SOURCE_UNAVAILABLE
HDFCLIFE,2015-03,4459.0,-3514.0,-168.0,777.0,27215.0,786.0,,,,CAPEX_SOURCE_UNAVAILABLE
HDFCLIFE,2016-03,5687.0,-3962.0,-212.0,1513.0,18141.0,817.0,,,,CAPEX_SOURCE_UNAVAILABLE
HDFCLIFE,2017-03,6230.0,-5177.0,-236.0,817.0,30647.0,887.0,,,,CAPEX_SOURCE_UNAVAILABLE
HDFCLIFE,2018-03,6739.0,-4421.0,-196.0,2122.0,32260.0,1107.0,,,,CAPEX_SOURCE_UNAVAILABLE
HDFCLIFE,2019-03,9868.0,-10182.0,-337.0,-651.0,38855.0,1278.0,,,,CAPEX_SOURCE_UNAVAILABLE
HDFCLIFE,2020-03,7388.0,-7789.0,38.0,-364.0,29380.0,1297.0,,,,CAPEX_SOURCE_UNAVAILABLE
HDFCLIFE,2021-03,9703.0,-8952.0,678.0,1429.0,71528.0,1361.0,,,,CAPEX_SOURCE_UNAVAILABLE
HDFCLIFE,2022-03,5943.0,-801.0,-238.0,4904.0,67126.0,1327.0,,,,CAPEX_SOURCE_UNAVAILABLE
HDFCLIFE,2023-03,6883.0,-10071.0,1985.0,-1203.0,70207.0,1368.0,,,,CAPEX_SOURCE_UNAVAILABLE
HDFCLIFE,2024-03,10721.0,-13614.0,-403.0,-3296.0,101482.0,1574.0,,,,CAPEX_SOURCE_UNAVAILABLE
HEROMOTOCO,2014-03,2963.0,-1616.0,-1414.0,-66.0,25275.0,2102.0,,,,CAPEX_SOURCE_UNAVAILABLE
HEROMOTOCO,2015-03,2186.0,31.0,-2131.0,86.0,27538.0,2364.0,,,,CAPEX_SOURCE_UNAVAILABLE
HEROMOTOCO,2016-03,3722.0,-2300.0,-1475.0,-53.0,28457.0,3112.0,,,,CAPEX_SOURCE_UNAVAILABLE
HEROMOTOCO,2017-03,4007.0,-1972.0,-2036.0,-1.0,28610.0,3546.0,,,,CAPEX_SOURCE_UNAVAILABLE
HEROMOTOCO,2018-03,4017.0,-1858.0,-2102.0,57.0,32458.0,3722.0,,,,CAPEX_SOURCE_UNAVAILABLE
HEROMOTOCO,2019-03,1032.0,1298.0,-2252.0,78.0,33971.0,3466.0,,,,CAPEX_SOURCE_UNAVAILABLE
HEROMOTOCO,2020-03,5518.0,-2819.0,-2602.0,97.0,29254.0,3659.0,,,,CAPEX_SOURCE_UNAVAILABLE
HEROMOTOCO,2021-03,4110.0,-2289.0,-1852.0,-31.0,30959.0,2936.0,,,,CAPEX_SOURCE_UNAVAILABLE
HEROMOTOCO,2022-03,2104.0,-222.0,-1975.0,-94.0,29551.0,2329.0,,,,CAPEX_SOURCE_UNAVAILABLE
HEROMOTOCO,2023-03,2614.0,-421.0,-2147.0,45.0,34158.0,2800.0,,,,CAPEX_SOURCE_UNAVAILABLE
HEROMOTOCO,2024-03,4923.0,-1828.0,-2717.0,379.0,37789.0,3742.0,,,,CAPEX_SOURCE_UNAVAILABLE
HINDALCO,2013-03,2977.0,-13801.0,10278.0,-545.0,80193.0,3007.0,,,,CAPEX_SOURCE_UNAVAILABLE
HINDALCO,2014-03,7956.0,-8095.0,1493.0,1353.0,87695.0,2195.0,,,,CAPEX_SOURCE_UNAVAILABLE
HINDALCO,2015-03,7143.0,-3873.0,-2437.0,833.0,104281.0,259.0,,,,CAPEX_SOURCE_UNAVAILABLE
HINDALCO,2016-03,11688.0,-3220.0,-8862.0,-394.0,98759.0,-702.0,,,,CAPEX_SOURCE_UNAVAILABLE
HINDALCO,2017-03,12687.0,-2876.0,-5552.0,4259.0,100184.0,1882.0,,,,CAPEX_SOURCE_UNAVAILABLE
HINDALCO,2018-03,10898.0,5333.0,-16412.0,-181.0,115183.0,6083.0,,,,CAPEX_SOURCE_UNAVAILABLE
HINDALCO,2019-03,11977.0,-5456.0,-5466.0,1055.0,130542.0,5495.0,,,,CAPEX_SOURCE_UNAVAILABLE
HINDALCO,2020-03,12745.0,-7227.0,6656.0,12174.0,118144.0,3767.0,,,,CAPEX_SOURCE_UNAVAILABLE
HINDALCO,2021-03,17232.0,-25280.0,-4882.0,-12930.0,132008.0,3483.0,,,,CAPEX_SOURCE_UNAVAILABLE
HINDALCO,2022-03,16838.0,-6773.0,-6765.0,3300.0,195059.0,13730.0,,,,CAPEX_SOURCE_UNAVAILABLE
HINDALCO,2023-03,19208.0,-7559.0,-10450.0,1199.0,223202.0,10097.0,,,,CAPEX_SOURCE_UNAVAILABLE
HINDALCO,2024-03,24056.0,-14267.0,-10817.0,-1028.0,215962.0,10155.0,,,,CAPEX_SOURCE_UNAVAILABLE
HINDUNILVR,2013-03,3605.0,63.0,-4147.0,-480.0,27004.0,3839.0,,,,CAPEX_SOURCE_UNAVAILABLE
HINDUNILVR,2014-03,3818.0,-475.0,-2960.0,383.0,29234.0,3956.0,,,,CAPEX_SOURCE_UNAVAILABLE
HINDUNILVR,2015-03,3292.0,138.0,-3462.0,-33.0,31972.0,4376.0,,,,CAPEX_SOURCE_UNAVAILABLE
HINDUNILVR,2016-03,4171.0,-282.0,-3864.0,25.0,32186.0,4151.0,,,,CAPEX_SOURCE_UNAVAILABLE
HINDUNILVR,2017-03,5185.0,-1173.0,-4214.0,-202.0,33162.0,4490.0,,,,CAPEX_SOURCE_UNAVAILABLE
HINDUNILVR,2018-03,6059.0,-1063.0,-4975.0,21.0,35545.0,5227.0,,,,CAPEX_SOURCE_UNAVAILABLE
HINDUNILVR,2019-03,5800.0,-438.0,-5390.0,-28.0,39310.0,6060.0,,,,CAPEX_SOURCE_UNAVAILABLE
HINDUNILVR,2020-03,7623.0,1791.0,-6819.0,2595.0,39783.0,6756.0,,,,CAPEX_SOURCE_UNAVAILABLE
HINDUNILVR,2021-03,9163.0,-1228.0,-9309.0,-1374.0,47028.0,7999.0,,,,CAPEX_SOURCE_UNAVAILABLE
HINDUNILVR,2022-03,9048.0,-1728.0,-8015.0,-695.0,52446.0,8892.0,,,,CAPEX_SOURCE_UNAVAILABLE
HINDUNILVR,2023-03,9991.0,-1484.0,-8953.0,-446.0,60580.0,10143.0,,,,CAPEX_SOURCE_UNAVAILABLE
HINDUNILVR,2024-03,15469.0,-5324.0,-10034.0,111.0,61896.0,10282.0,,,,CAPEX_SOURCE_UNAVAILABLE
ICICIBANK,2013-03,17494.0,-18563.0,9283.0,8215.0,44885.0,10130.0,,,,CAPEX_SOURCE_UNAVAILABLE
ICICIBANK,2014-03,6765.0,-15750.0,7872.0,-1113.0,49479.0,11677.0,,,,CAPEX_SOURCE_UNAVAILABLE
ICICIBANK,2015-03,-12273.0,-13175.0,24827.0,-621.0,54964.0,12942.0,,,,CAPEX_SOURCE_UNAVAILABLE
ICICIBANK,2016-03,23645.0,-12060.0,5814.0,17399.0,59294.0,10927.0,,,,CAPEX_SOURCE_UNAVAILABLE
ICICIBANK,2017-03,52636.0,-1711.0,-35470.0,15455.0,60940.0,11340.0,,,,CAPEX_SOURCE_UNAVAILABLE
ICICIBANK,2018-03,19383.0,-50551.0,39676.0,8508.0,62162.0,9100.0,,,,CAPEX_SOURCE_UNAVAILABLE
ICICIBANK,2019-03,48671.0,-30282.0,-19997.0,-1608.0,71982.0,5689.0,,,,CAPEX_SOURCE_UNAVAILABLE
ICICIBANK,2020-03,79565.0,-42095.0,2992.0,40462.0,84836.0,11225.0,,,,CAPEX_SOURCE_UNAVAILABLE
ICICIBANK,2021-03,138015.0,-63631.0,-54667.0,19718.0,89163.0,20364.0,,,,CAPEX_SOURCE_UNAVAILABLE
ICICIBANK,2022-03,58111.0,-39448.0,17451.0,36114.0,95407.0,26538.0,,,,CAPEX_SOURCE_UNAVAILABLE
ICICIBANK,2023-03,-3771.0,-67689.0,24791.0,-46669.0,121067.0,35461.0,,,,CAPEX_SOURCE_UNAVAILABLE
ICICIBANK,2024-03,157284.0,-144737.0,13765.0,26312.0,159516.0,46081.0,,,,CAPEX_SOURCE_UNAVAILABLE
ICICIGI,2013-03,984.0,-962.0,102.0,124.0,4012.0,353.0,,,,CAPEX_SOURCE_UNAVAILABLE
ICICIGI,2014-03,595.0,-706.0,4.0,-108.0,4352.0,520.0,,,,CAPEX_SOURCE_UNAVAILABLE
ICICIGI,2015-03,-98.0,171.0,-93.0,-20.0,4234.0,585.0,,,,CAPEX_SOURCE_UNAVAILABLE
ICICIGI,2016-03,511.0,-310.0,-148.0,53.0,6033.0,507.0,,,,CAPEX_SOURCE_UNAVAILABLE
ICICIGI,2017-03,1628.0,-1990.0,361.0,-1.0,7520.0,702.0,,,,CAPEX_SOURCE_UNAVAILABLE
ICICIGI,2018-03,2390.0,-1896.0,-96.0,398.0,6912.0,862.0,,,,CAPEX_SOURCE_UNAVAILABLE
ICICIGI,2019-03,2976.0,-2856.0,-310.0,-190.0,11163.0,1049.0,,,,CAPEX_SOURCE_UNAVAILABLE
ICICIGI,2020-03,3433.0,-3382.0,-420.0,-369.0,11517.0,1194.0,,,,CAPEX_SOURCE_UNAVAILABLE
ICICIGI,2021-03,1774.0,-1367.0,-212.0,195.0,12161.0,1473.0,,,,CAPEX_SOURCE_UNAVAILABLE
ICICIGI,2022-03,809.0,135.0,-879.0,65.0,16026.0,1271.0,,,,CAPEX_SOURCE_UNAVAILABLE
ICICIGI,2023-03,2290.0,-1685.0,-695.0,-90.0,17876.0,1729.0,,,,CAPEX_SOURCE_UNAVAILABLE
ICICIGI,2024-03,2407.0,-1921.0,-355.0,131.0,20487.0,1919.0,,,,CAPEX_SOURCE_UNAVAILABLE
ICICIPRULI,2013-03,-2641.0,1564.0,-514.0,-1591.0,20025.0,1515.0,,,,CAPEX_SOURCE_UNAVAILABLE
ICICIPRULI,2014-03,-2382.0,6012.0,-1091.0,2539.0,21888.0,1561.0,,,,CAPEX_SOURCE_UNAVAILABLE
ICICIPRULI,2015-03,523.0,-1822.0,-966.0,-2264.0,34453.0,1640.0,,,,CAPEX_SOURCE_UNAVAILABLE
ICICIPRULI,2016-03,3634.0,27.0,-1442.0,2219.0,20849.0,1650.0,,,,CAPEX_SOURCE_UNAVAILABLE
ICICIPRULI,2017-03,4130.0,-696.0,-994.0,2439.0,37816.0,1682.0,,,,CAPEX_SOURCE_UNAVAILABLE
ICICIPRULI,2018-03,5690.0,-5389.0,-1188.0,-887.0,38832.0,1619.0,,,,CAPEX_SOURCE_UNAVAILABLE
ICICIPRULI,2019-03,11377.0,-7559.0,-843.0,2975.0,41463.0,1139.0,,,,CAPEX_SOURCE_UNAVAILABLE
ICICIPRULI,2020-03,8596.0,-10797.0,-405.0,-2606.0,21025.0,1067.0,,,,CAPEX_SOURCE_UNAVAILABLE
ICICIPRULI,2021-03,7314.0,-5084.0,1205.0,3434.0,83182.0,956.0,,,,CAPEX_SOURCE_UNAVAILABLE
ICICIPRULI,2022-03,1831.0,-816.0,-319.0,696.0,63564.0,759.0,,,,CAPEX_SOURCE_UNAVAILABLE
ICICIPRULI,2023-03,89.0,-1145.0,-112.0,-1168.0,50478.0,813.0,,,,CAPEX_SOURCE_UNAVAILABLE
ICICIPRULI,2024-03,-7315.0,7420.0,-88.0,17.0,90307.0,851.0,,,,CAPEX_SOURCE_UNAVAILABLE
INDIGO,2013-03,1741.0,-1890.0,36.0,-113.0,9203.0,787.0,,,,CAPEX_SOURCE_UNAVAILABLE
INDIGO,2014-03,1595.0,-2914.0,1285.0,-34.0,11117.0,474.0,,,,CAPEX_SOURCE_UNAVAILABLE
INDIGO,2015-03,2384.0,-940.0,-1308.0,136.0,13925.0,1304.0,,,,CAPEX_SOURCE_UNAVAILABLE
INDIGO,2016-03,3116.0,-1337.0,-1220.0,559.0,16140.0,1986.0,,,,CAPEX_SOURCE_UNAVAILABLE
INDIGO,2017-03,3782.0,-3033.0,-1401.0,-652.0,18580.0,1659.0,,,,CAPEX_SOURCE_UNAVAILABLE
INDIGO,2018-03,3903.0,-4152.0,766.0,518.0,23021.0,2242.0,,,,CAPEX_SOURCE_UNAVAILABLE
INDIGO,2019-03,3160.0,-2526.0,-592.0,42.0,28497.0,156.0,,,,CAPEX_SOURCE_UNAVAILABLE
INDIGO,2020-03,6943.0,-4573.0,-2407.0,-37.0,35756.0,-248.0,,,,CAPEX_SOURCE_UNAVAILABLE
INDIGO,2021-03,-1620.0,3228.0,-1775.0,-168.0,14641.0,-6171.0,,,,CAPEX_SOURCE_UNAVAILABLE
INDIGO,2022-03,2064.0,1527.0,-3088.0,503.0,25931.0,-317.0,,,,CAPEX_SOURCE_UNAVAILABLE
INDIGO,2023-03,12703.0,-4039.0,-8432.0,232.0,54446.0,-317.0,,,,CAPEX_SOURCE_UNAVAILABLE
INDIGO,2024-03,21183.0,-11759.0,-9979.0,-555.0,68904.0,8167.0,,,,CAPEX_SOURCE_UNAVAILABLE
INDUSINDBK,2013-03,-486.0,-174.0,1969.0,1309.0,6983.0,1061.0,,,,CAPEX_SOURCE_UNAVAILABLE
INDUSINDBK,2014-03,-4106.0,-174.0,4200.0,-79.0,8254.0,1408.0,,,,CAPEX_SOURCE_UNAVAILABLE
INDUSINDBK,2015-03,-1421.0,-276.0,5707.0,4010.0,9692.0,1794.0,,,,CAPEX_SOURCE_UNAVAILABLE
INDUSINDBK,2016-03,-2927.0,-258.0,2517.0,-667.0,11872.0,2286.0,,,,CAPEX_SOURCE_UNAVAILABLE
INDUSINDBK,2017-03,11569.0,-285.0,-2768.0,8516.0,14406.0,2868.0,,,,CAPEX_SOURCE_UNAVAILABLE
INDUSINDBK,2018-03,-20700.0,-217.0,15505.0,-5412.0,17281.0,3606.0,,,,CAPEX_SOURCE_UNAVAILABLE
INDUSINDBK,2019-03,-6389.0,-633.0,8590.0,1568.0,22261.0,3301.0,,,,CAPEX_SOURCE_UNAVAILABLE
INDUSINDBK,2020-03,-12039.0,526.0,12733.0,1220.0,28783.0,4418.0,,,,CAPEX_SOURCE_UNAVAILABLE
INDUSINDBK,2021-03,44646.0,-226.0,-4096.0,40324.0,29000.0,2836.0,,,,CAPEX_SOURCE_UNAVAILABLE
INDUSINDBK,2022-03,16600.0,-351.0,-4302.0,11947.0,30822.0,4611.0,,,,CAPEX_SOURCE_UNAVAILABLE
INDUSINDBK,2023-03,-12438.0,-441.0,1115.0,-11763.0,36368.0,7390.0,,,,CAPEX_SOURCE_UNAVAILABLE
INDUSINDBK,2024-03,-16843.0,-625.0,-2242.0,-19710.0,45748.0,8950.0,,,,CAPEX_SOURCE_UNAVAILABLE
INFY,2013-03,7373.0,-2922.0,-3210.0,1241.0,40352.0,9429.0,,,,CAPEX_SOURCE_UNAVAILABLE
INFY,2014-03,9825.0,-2563.0,-3144.0,4118.0,50133.0,10656.0,,,,CAPEX_SOURCE_UNAVAILABLE
INFY,2015-03,8353.0,999.0,-4935.0,4417.0,53319.0,12372.0,,,,CAPEX_SOURCE_UNAVAILABLE
INFY,2016-03,10028.0,-885.0,-6813.0,2330.0,62441.0,13489.0,,,,CAPEX_SOURCE_UNAVAILABLE
INFY,2017-03,11531.0,-14664.0,-6939.0,-10072.0,68484.0,14353.0,,,,CAPEX_SOURCE_UNAVAILABLE
INFY,2018-03,13218.0,4533.0,-20505.0,-2754.0,70522.0,16029.0,,,,CAPEX_SOURCE_UNAVAILABLE
INFY,2019-03,14841.0,-632.0,-14512.0,-303.0,82675.0,15410.0,,,,CAPEX_SOURCE_UNAVAILABLE
INFY,2020-03,17003.0,-331.0,-17591.0,-919.0,90791.0,16639.0,,,,CAPEX_SOURCE_UNAVAILABLE
INFY,2021-03,23224.0,-7373.0,-9786.0,6065.0,100472.0,19423.0,,,,CAPEX_SOURCE_UNAVAILABLE
INFY,2022-03,23885.0,-6485.0,-24642.0,-7242.0,121641.0,22146.0,,,,CAPEX_SOURCE_UNAVAILABLE
INFY,2023-03,22467.0,-1071.0,-26695.0,-5299.0,146767.0,24108.0,,,,CAPEX_SOURCE_UNAVAILABLE
INFY,2024-03,25210.0,-5093.0,-17504.0,2613.0,153670.0,26248.0,,,,CAPEX_SOURCE_UNAVAILABLE
IOC,2013-03,9340.0,-9294.0,352.0,398.0,461780.0,3627.0,,,,CAPEX_SOURCE_UNAVAILABLE
IOC,2014-03,24195.0,-18594.0,-3116.0,2485.0,488345.0,6967.0,,,,CAPEX_SOURCE_UNAVAILABLE
IOC,2015-03,46092.0,-10215.0,-38283.0,-2406.0,449507.0,4872.0,,,,CAPEX_SOURCE_UNAVAILABLE
IOC,2016-03,25624.0,-13610.0,-11890.0,124.0,346045.0,12413.0,,,,CAPEX_SOURCE_UNAVAILABLE
IOC,2017-03,28216.0,-17684.0,-10937.0,-405.0,355379.0,20385.0,,,,CAPEX_SOURCE_UNAVAILABLE
IOC,2018-03,29115.0,-17119.0,-12007.0,-11.0,421492.0,22626.0,,,,CAPEX_SOURCE_UNAVAILABLE
IOC,2019-03,12747.0,-22569.0,10436.0,614.0,528158.0,17274.0,,,,CAPEX_SOURCE_UNAVAILABLE
IOC,2020-03,7146.0,-29101.0,22456.0,502.0,483763.0,-1876.0,,,,CAPEX_SOURCE_UNAVAILABLE
IOC,2021-03,49650.0,-22935.0,-27369.0,-653.0,363950.0,21762.0,,,,CAPEX_SOURCE_UNAVAILABLE
IOC,2022-03,25747.0,-21294.0,-4058.0,395.0,589321.0,25727.0,,,,CAPEX_SOURCE_UNAVAILABLE
IOC,2023-03,29644.0,-28030.0,-1794.0,-180.0,841756.0,11704.0,,,,CAPEX_SOURCE_UNAVAILABLE
IOC,2024-03,71099.0,-31464.0,-39385.0,250.0,776352.0,43161.0,,,,CAPEX_SOURCE_UNAVAILABLE
IRCTC,2015-03,69.0,-46.0,-17.0,6.0,1059.0,131.0,,,,CAPEX_SOURCE_UNAVAILABLE
IRCTC,2016-03,288.0,7.0,-31.0,263.0,1367.0,189.0,,,,CAPEX_SOURCE_UNAVAILABLE
IRCTC,2017-03,338.0,94.0,-136.0,296.0,1520.0,229.0,,,,CAPEX_SOURCE_UNAVAILABLE
IRCTC,2018-03,24.0,40.0,-57.0,7.0,1466.0,221.0,,,,CAPEX_SOURCE_UNAVAILABLE
IRCTC,2019-03,499.0,-353.0,-179.0,-33.0,1870.0,309.0,,,,CAPEX_SOURCE_UNAVAILABLE
IRCTC,2020-03,409.0,8.0,-280.0,137.0,2264.0,513.0,,,,CAPEX_SOURCE_UNAVAILABLE
IRCTC,2021-03,248.0,-453.0,-47.0,-252.0,777.0,187.0,,,,CAPEX_SOURCE_UNAVAILABLE
IRCTC,2022-03,524.0,-242.0,-258.0,23.0,1879.0,660.0,,,,CAPEX_SOURCE_UNAVAILABLE
IRCTC,2023-03,812.0,-317.0,-434.0,61.0,3541.0,1006.0,,,,CAPEX_SOURCE_UNAVAILABLE
IRCTC,2024-03,882.0,-215.0,-404.0,262.0,4270.0,1111.0,,,,CAPEX_SOURCE_UNAVAILABLE
IRFC,2016-03,-16378.0,2.0,17582.0,1206.0,7507.0,849.0,,,,CAPEX_SOURCE_UNAVAILABLE
IRFC,2017-03,-19455.0,2.0,18250.0,-1204.0,9047.0,934.0,,,,CAPEX_SOURCE_UNAVAILABLE
IRFC,2018-03,-28076.0,2.0,28075.0,0.0,9267.0,2055.0,,,,CAPEX_SOURCE_UNAVAILABLE
IRFC,2019-03,-41748.0,1.0,41749.0,3.0,11134.0,2255.0,,,,CAPEX_SOURCE_UNAVAILABLE
IRFC,2020-03,-62701.0,1.0,62697.0,-2.0,13421.0,3192.0,,,,CAPEX_SOURCE_UNAVAILABLE
IRFC,2021-03,-89907.0,0.0,90202.0,296.0,15771.0,4416.0,,,,CAPEX_SOURCE_UNAVAILABLE
IRFC,2022-03,-64412.0,-5.0,64266.0,-151.0,20299.0,6090.0,,,,CAPEX_SOURCE_UNAVAILABLE
IRFC,2023-03,-28588.0,0.0,28644.0,56.0,23722.0,6167.0,,,,CAPEX_SOURCE_UNAVAILABLE
IRFC,2024-03,7914.0,-8.0,-8046.0,-140.0,26645.0,6412.0,,,,CAPEX_SOURCE_UNAVAILABLE
ITC,2013-03,7102.0,-3881.0,-3310.0,-90.0,31618.0,7704.0,,,,CAPEX_SOURCE_UNAVAILABLE
ITC,2014-03,7344.0,-3254.0,-4122.0,-32.0,35306.0,9001.0,,,,CAPEX_SOURCE_UNAVAILABLE
ITC,2015-03,9843.0,-5275.0,-4661.0,-93.0,38817.0,9779.0,,,,CAPEX_SOURCE_UNAVAILABLE
ITC,2016-03,9799.0,-3921.0,-5613.0,266.0,39192.0,9501.0,,,,CAPEX_SOURCE_UNAVAILABLE
ITC,2017-03,10627.0,-3251.0,-7301.0,75.0,42768.0,10477.0,,,,CAPEX_SOURCE_UNAVAILABLE
ITC,2018-03,13169.0,-7114.0,-6221.0,-166.0,43449.0,11493.0,,,,CAPEX_SOURCE_UNAVAILABLE
ITC,2019-03,12583.0,-5546.0,-6869.0,169.0,48340.0,12836.0,,,,CAPEX_SOURCE_UNAVAILABLE
ITC,2020-03,14690.0,-6174.0,-8181.0,334.0,49388.0,15593.0,,,,CAPEX_SOURCE_UNAVAILABLE
ITC,2021-03,12527.0,5740.0,-18634.0,-367.0,49257.0,13383.0,,,,CAPEX_SOURCE_UNAVAILABLE
ITC,2022-03,15776.0,-2238.0,-13580.0,-43.0,60645.0,15503.0,,,,CAPEX_SOURCE_UNAVAILABLE
ITC,2023-03,18878.0,-5732.0,-13006.0,139.0,70919.0,19477.0,,,,CAPEX_SOURCE_UNAVAILABLE
ITC,2024-03,17179.0,1563.0,-18551.0,191.0,70866.0,20751.0,,,,CAPEX_SOURCE_UNAVAILABLE
JINDALSTEL,2013-03,3522.0,-9591.0,6111.0,43.0,19807.0,2952.0,,,,CAPEX_SOURCE_UNAVAILABLE
JINDALSTEL,2014-03,4580.0,-12694.0,8879.0,766.0,19286.0,1896.0,,,,CAPEX_SOURCE_UNAVAILABLE
JINDALSTEL,2015-03,1182.0,-6717.0,5708.0,173.0,19401.0,-1452.0,,,,CAPEX_SOURCE_UNAVAILABLE
JINDALSTEL,2016-03,4333.0,-2262.0,-2672.0,-601.0,19469.0,-3087.0,,,,CAPEX_SOURCE_UNAVAILABLE
JINDALSTEL,2017-03,6850.0,-1998.0,-5108.0,-256.0,21603.0,-2538.0,,,,CAPEX_SOURCE_UNAVAILABLE
JINDALSTEL,2018-03,7724.0,-1431.0,-6276.0,17.0,33286.0,-1616.0,,,,CAPEX_SOURCE_UNAVAILABLE
JINDALSTEL,2019-03,9027.0,-832.0,-8261.0,-67.0,46966.0,-2412.0,,,,CAPEX_SOURCE_UNAVAILABLE
JINDALSTEL,2020-03,8814.0,-1476.0,-7016.0,322.0,37923.0,-400.0,,,,CAPEX_SOURCE_UNAVAILABLE
JINDALSTEL,2021-03,11961.0,-1884.0,-4612.0,5465.0,34579.0,4267.0,,,,CAPEX_SOURCE_UNAVAILABLE
JINDALSTEL,2022-03,16048.0,-2331.0,-15120.0,-1403.0,51166.0,6766.0,,,,CAPEX_SOURCE_UNAVAILABLE
JINDALSTEL,2023-03,7347.0,-4090.0,-2500.0,757.0,53212.0,3974.0,,,,CAPEX_SOURCE_UNAVAILABLE
JINDALSTEL,2024-03,6008.0,-8344.0,1381.0,-955.0,50354.0,5943.0,,,,CAPEX_SOURCE_UNAVAILABLE
JIOFIN,2023-03,2055.0,-1110.0,-889.0,56.0,45.0,31.0,,,,CAPEX_SOURCE_UNAVAILABLE
JIOFIN,2024-03,-678.0,1441.0,-753.0,11.0,1855.0,1605.0,,,,CAPEX_SOURCE_UNAVAILABLE
JSWENERGY,2013-03,1725.0,-944.0,-684.0,96.0,8870.0,901.0,,,,CAPEX_SOURCE_UNAVAILABLE
JSWENERGY,2014-03,2269.0,-363.0,-1859.0,48.0,8648.0,760.0,,,,CAPEX_SOURCE_UNAVAILABLE
JSWENERGY,2015-03,3394.0,-422.0,-2327.0,645.0,9347.0,1358.0,,,,CAPEX_SOURCE_UNAVAILABLE
JSWENERGY,2016-03,3538.0,-3272.0,-1622.0,-1357.0,9824.0,1460.0,,,,CAPEX_SOURCE_UNAVAILABLE
JSWENERGY,2017-03,3853.0,-762.0,-2595.0,496.0,8263.0,623.0,,,,CAPEX_SOURCE_UNAVAILABLE
JSWENERGY,2018-03,3934.0,-215.0,-3968.0,-249.0,8049.0,85.0,,,,CAPEX_SOURCE_UNAVAILABLE
JSWENERGY,2019-03,2491.0,-55.0,-2523.0,-87.0,9138.0,684.0,,,,CAPEX_SOURCE_UNAVAILABLE
JSWENERGY,2020-03,2082.0,301.0,-1962.0,421.0,8273.0,1081.0,,,,CAPEX_SOURCE_UNAVAILABLE
JSWENERGY,2021-03,3700.0,-1030.0,-2515.0,155.0,6922.0,823.0,,,,CAPEX_SOURCE_UNAVAILABLE
JSWENERGY,2022-03,2952.0,-1387.0,-781.0,784.0,8167.0,1743.0,,,,CAPEX_SOURCE_UNAVAILABLE
JSWENERGY,2023-03,2084.0,-6778.0,7327.0,2634.0,10332.0,1480.0,,,,CAPEX_SOURCE_UNAVAILABLE
JSWENERGY,2024-03,6234.0,-8197.0,1675.0,-289.0,11486.0,1725.0,,,,CAPEX_SOURCE_UNAVAILABLE
JSWSTEEL,2013-03,5844.0,-5433.0,-791.0,-380.0,38210.0,929.0,,,,CAPEX_SOURCE_UNAVAILABLE
JSWSTEEL,2014-03,2594.0,-5618.0,3300.0,276.0,51220.0,402.0,,,,CAPEX_SOURCE_UNAVAILABLE
JSWSTEEL,2015-03,7876.0,-7372.0,-169.0,334.0,52972.0,1722.0,,,,CAPEX_SOURCE_UNAVAILABLE
JSWSTEEL,2016-03,6897.0,-3857.0,-3151.0,-111.0,41546.0,-481.0,,,,CAPEX_SOURCE_UNAVAILABLE
JSWSTEEL,2017-03,7888.0,-5094.0,-2710.0,84.0,55604.0,3467.0,,,,CAPEX_SOURCE_UNAVAILABLE
JSWSTEEL,2018-03,12379.0,-4529.0,-8185.0,-335.0,71933.0,6113.0,,,,CAPEX_SOURCE_UNAVAILABLE
JSWSTEEL,2019-03,14633.0,-11387.0,1753.0,4999.0,84757.0,7524.0,,,,CAPEX_SOURCE_UNAVAILABLE
JSWSTEEL,2020-03,12785.0,-19589.0,5189.0,-1615.0,73326.0,3919.0,,,,CAPEX_SOURCE_UNAVAILABLE
JSWSTEEL,2021-03,18789.0,-7702.0,-3110.0,7977.0,79839.0,7873.0,,,,CAPEX_SOURCE_UNAVAILABLE
JSWSTEEL,2022-03,26270.0,-14748.0,-14657.0,-3135.0,146371.0,20938.0,,,,CAPEX_SOURCE_UNAVAILABLE
JSWSTEEL,2023-03,23323.0,-10730.0,-5977.0,6616.0,165960.0,4139.0,,,,CAPEX_SOURCE_UNAVAILABLE
JSWSTEEL,2024-03,12078.0,-14467.0,-5005.0,-7394.0,175006.0,8973.0,,,,CAPEX_SOURCE_UNAVAILABLE
KOTAKBANK,2013-03,2878.0,-9035.0,7099.0,942.0,10838.0,2238.0,,,,CAPEX_SOURCE_UNAVAILABLE
KOTAKBANK,2014-03,9068.0,-1130.0,-5814.0,2125.0,11986.0,2527.0,,,,CAPEX_SOURCE_UNAVAILABLE
KOTAKBANK,2015-03,2302.0,-4467.0,2426.0,260.0,13319.0,3105.0,,,,CAPEX_SOURCE_UNAVAILABLE
KOTAKBANK,2016-03,5025.0,-2353.0,2024.0,4696.0,20402.0,3524.0,,,,CAPEX_SOURCE_UNAVAILABLE
KOTAKBANK,2017-03,13222.0,-5289.0,6055.0,13989.0,22324.0,5019.0,,,,CAPEX_SOURCE_UNAVAILABLE
KOTAKBANK,2018-03,-10392.0,-5475.0,14679.0,-1188.0,25131.0,6258.0,,,,CAPEX_SOURCE_UNAVAILABLE
KOTAKBANK,2019-03,1822.0,-3323.0,8365.0,6864.0,29831.0,7204.0,,,,CAPEX_SOURCE_UNAVAILABLE
KOTAKBANK,2020-03,46619.0,-13068.0,-735.0,32815.0,33474.0,8593.0,,,,CAPEX_SOURCE_UNAVAILABLE
KOTAKBANK,2021-03,4881.0,-11172.0,-10072.0,-16363.0,32820.0,9990.0,,,,CAPEX_SOURCE_UNAVAILABLE
KOTAKBANK,2022-03,8308.0,-10903.0,7543.0,4949.0,33741.0,12089.0,,,,CAPEX_SOURCE_UNAVAILABLE
KOTAKBANK,2023-03,-1242.0,-10381.0,1883.0,-9740.0,42151.0,14925.0,,,,CAPEX_SOURCE_UNAVAILABLE
KOTAKBANK,2024-03,15685.0,-8919.0,15515.0,22281.0,56237.0,18213.0,,,,CAPEX_SOURCE_UNAVAILABLE
LICI,2019-03,13274.0,9636.0,-13700.0,9210.0,571508.0,2627.0,,,,CAPEX_SOURCE_UNAVAILABLE
LICI,2020-03,54367.0,-40415.0,-18664.0,-4712.0,628043.0,2710.0,,,,CAPEX_SOURCE_UNAVAILABLE
LICI,2021-03,80602.0,148447.0,-256125.0,-27077.0,690914.0,2974.0,,,,CAPEX_SOURCE_UNAVAILABLE
LICI,2022-03,-3783.0,12531.0,0.0,8748.0,723606.0,4125.0,,,,CAPEX_SOURCE_UNAVAILABLE
LICI,2023-03,54519.0,-52848.0,-949.0,722.0,784628.0,35997.0,,,,CAPEX_SOURCE_UNAVAILABLE
LICI,2024-03,26122.0,-25269.0,-4427.0,-3574.0,845966.0,40916.0,,,,CAPEX_SOURCE_UNAVAILABLE
LODHA,2016-03,387.0,-854.0,330.0,-137.0,8249.0,703.0,,,,CAPEX_SOURCE_UNAVAILABLE
LODHA,2017-03,1469.0,-1174.0,-312.0,-16.0,7926.0,584.0,,,,CAPEX_SOURCE_UNAVAILABLE
LODHA,2018-03,696.0,-651.0,24.0,69.0,9677.0,794.0,,,,CAPEX_SOURCE_UNAVAILABLE
LODHA,2019-03,-463.0,-175.0,736.0,97.0,11907.0,1644.0,,,,CAPEX_SOURCE_UNAVAILABLE
LODHA,2020-03,3772.0,182.0,-4188.0,-234.0,12443.0,742.0,,,,CAPEX_SOURCE_UNAVAILABLE
LODHA,2021-03,2524.0,420.0,-2835.0,109.0,5449.0,48.0,,,,CAPEX_SOURCE_UNAVAILABLE
LODHA,2022-03,1998.0,1139.0,-2888.0,250.0,9233.0,1208.0,,,,CAPEX_SOURCE_UNAVAILABLE
LODHA,2023-03,2750.0,1789.0,-3706.0,834.0,9470.0,490.0,,,,CAPEX_SOURCE_UNAVAILABLE
LODHA,2024-03,2512.0,-2947.0,951.0,516.0,10316.0,1554.0,,,,CAPEX_SOURCE_UNAVAILABLE
LT,2013-03,-4355.0,-6922.0,11429.0,152.0,74426.0,5291.0,,,,CAPEX_SOURCE_UNAVAILABLE
LT,2014-03,-7143.0,-5510.0,13136.0,483.0,85054.0,4885.0,,,,CAPEX_SOURCE_UNAVAILABLE
LT,2015-03,-1365.0,-4778.0,7903.0,1759.0,91929.0,4966.0,,,,CAPEX_SOURCE_UNAVAILABLE
LT,2016-03,-3240.0,-4627.0,7253.0,-613.0,101122.0,4592.0,,,,CAPEX_SOURCE_UNAVAILABLE
LT,2017-03,6655.0,-9796.0,2896.0,-245.0,109312.0,6486.0,,,,CAPEX_SOURCE_UNAVAILABLE
LT,2018-03,-10031.0,3914.0,9370.0,3254.0,119683.0,8004.0,,,,CAPEX_SOURCE_UNAVAILABLE
LT,2019-03,-4756.0,-11023.0,15440.0,-338.0,135220.0,10217.0,,,,CAPEX_SOURCE_UNAVAILABLE
LT,2020-03,6694.0,-8408.0,6372.0,4658.0,145452.0,10894.0,,,,CAPEX_SOURCE_UNAVAILABLE
LT,2021-03,23074.0,-5750.0,-15274.0,2049.0,135979.0,12921.0,,,,CAPEX_SOURCE_UNAVAILABLE
LT,2022-03,19164.0,-3585.0,-15181.0,397.0,156521.0,10419.0,,,,CAPEX_SOURCE_UNAVAILABLE
LT,2023-03,22777.0,-8048.0,-11572.0,3156.0,183341.0,12531.0,,,,CAPEX_SOURCE_UNAVAILABLE
LT,2024-03,18266.0,2179.0,-25413.0,-4968.0,221113.0,15547.0,,,,CAPEX_SOURCE_UNAVAILABLE
LTIM,2013-03,608.0,-224.0,-396.0,-13.0,3851.0,562.0,,,,CAPEX_SOURCE_UNAVAILABLE
LTIM,2014-03,628.0,180.0,-769.0,40.0,4920.0,996.0,,,,CAPEX_SOURCE_UNAVAILABLE
LTIM,2015-03,642.0,-103.0,-497.0,42.0,4978.0,769.0,,,,CAPEX_SOURCE_UNAVAILABLE
LTIM,2016-03,858.0,-40.0,-817.0,2.0,5846.0,836.0,,,,CAPEX_SOURCE_UNAVAILABLE
LTIM,2017-03,1170.0,-961.0,-33.0,176.0,6501.0,971.0,,,,CAPEX_SOURCE_UNAVAILABLE
LTIM,2018-03,844.0,-452.0,-408.0,-16.0,7306.0,1112.0,,,,CAPEX_SOURCE_UNAVAILABLE
LTIM,2019-03,1395.0,-749.0,-594.0,52.0,9446.0,1516.0,,,,CAPEX_SOURCE_UNAVAILABLE
LTIM,2020-03,1644.0,-643.0,-890.0,110.0,10879.0,1520.0,,,,CAPEX_SOURCE_UNAVAILABLE
LTIM,2021-03,2400.0,-1657.0,-509.0,234.0,12370.0,1938.0,,,,CAPEX_SOURCE_UNAVAILABLE
LTIM,2022-03,3251.0,-1643.0,-1680.0,-73.0,26109.0,3950.0,,,,CAPEX_SOURCE_UNAVAILABLE
LTIM,2023-03,3095.0,-271.0,-1932.0,892.0,33183.0,4410.0,,,,CAPEX_SOURCE_UNAVAILABLE
LTIM,2024-03,5670.0,-3918.0,-2269.0,-518.0,35517.0,4585.0,,,,CAPEX_SOURCE_UNAVAILABLE
M&M,2013-03,-922.0,-2903.0,4508.0,684.0,68693.0,4129.0,,,,CAPEX_SOURCE_UNAVAILABLE
M&M,2014-03,-244.0,-4524.0,5577.0,810.0,74001.0,5154.0,,,,CAPEX_SOURCE_UNAVAILABLE
M&M,2015-03,1055.0,-4357.0,1669.0,-1633.0,71448.0,3381.0,,,,CAPEX_SOURCE_UNAVAILABLE
M&M,2016-03,2385.0,-5506.0,2967.0,-154.0,75841.0,3554.0,,,,CAPEX_SOURCE_UNAVAILABLE
M&M,2017-03,183.0,-5875.0,6108.0,416.0,83773.0,4051.0,,,,CAPEX_SOURCE_UNAVAILABLE
M&M,2018-03,682.0,-5467.0,6314.0,1529.0,92094.0,7958.0,,,,CAPEX_SOURCE_UNAVAILABLE
M&M,2019-03,-4347.0,-7174.0,13194.0,1672.0,104721.0,6017.0,,,,CAPEX_SOURCE_UNAVAILABLE
M&M,2020-03,-1457.0,-6870.0,6933.0,-1394.0,75382.0,-321.0,,,,CAPEX_SOURCE_UNAVAILABLE
M&M,2021-03,17909.0,-19686.0,406.0,-1370.0,74278.0,1512.0,,,,CAPEX_SOURCE_UNAVAILABLE
M&M,2022-03,9248.0,-3252.0,-5883.0,113.0,90171.0,7253.0,,,,CAPEX_SOURCE_UNAVAILABLE
M&M,2023-03,-7074.0,-8866.0,15946.0,6.0,121269.0,11374.0,,,,CAPEX_SOURCE_UNAVAILABLE
M&M,2024-03,-5630.0,-5615.0,12281.0,1037.0,139078.0,12270.0,,,,CAPEX_SOURCE_UNAVAILABLE
MARUTI,2013-03,4059.0,-3119.0,-979.0,-39.0,44304.0,2470.0,,,,CAPEX_SOURCE_UNAVAILABLE
MARUTI,2014-03,4995.0,-4997.0,-74.0,-76.0,44542.0,2854.0,,,,CAPEX_SOURCE_UNAVAILABLE
MARUTI,2015-03,6449.0,-4491.0,-2004.0,-45.0,50801.0,3809.0,,,,CAPEX_SOURCE_UNAVAILABLE
MARUTI,2016-03,8482.0,-7230.0,-1237.0,16.0,57589.0,5497.0,,,,CAPEX_SOURCE_UNAVAILABLE
MARUTI,2017-03,10282.0,-9173.0,-1129.0,-20.0,68085.0,7511.0,,,,CAPEX_SOURCE_UNAVAILABLE
MARUTI,2018-03,11788.0,-8302.0,-3436.0,50.0,79809.0,7881.0,,,,CAPEX_SOURCE_UNAVAILABLE
MARUTI,2019-03,6601.0,-3540.0,-2948.0,113.0,86068.0,7651.0,,,,CAPEX_SOURCE_UNAVAILABLE
MARUTI,2020-03,3496.0,-557.0,-3104.0,-165.0,75660.0,5678.0,,,,CAPEX_SOURCE_UNAVAILABLE
MARUTI,2021-03,8856.0,-7291.0,-1545.0,20.0,70372.0,4389.0,,,,CAPEX_SOURCE_UNAVAILABLE
MARUTI,2022-03,1840.0,-239.0,-1607.0,-6.0,88330.0,3880.0,,,,CAPEX_SOURCE_UNAVAILABLE
MARUTI,2023-03,10815.0,-8820.0,-1214.0,780.0,118410.0,8264.0,,,,CAPEX_SOURCE_UNAVAILABLE
MARUTI,2024-03,16801.0,-11865.0,-4062.0,874.0,141858.0,13488.0,,,,CAPEX_SOURCE_UNAVAILABLE
MOTHERSON,2013-03,1486.0,-1089.0,-256.0,142.0,25298.0,452.0,,,,CAPEX_SOURCE_UNAVAILABLE
MOTHERSON,2014-03,2695.0,-1372.0,-1080.0,243.0,30414.0,1097.0,,,,CAPEX_SOURCE_UNAVAILABLE
MOTHERSON,2015-03,3390.0,-2844.0,494.0,1040.0,34661.0,1292.0,,,,CAPEX_SOURCE_UNAVAILABLE
MOTHERSON,2016-03,2188.0,-1906.0,-263.0,19.0,37216.0,1774.0,,,,CAPEX_SOURCE_UNAVAILABLE
MOTHERSON,2017-03,3800.0,-6145.0,5518.0,3172.0,42376.0,2172.0,,,,CAPEX_SOURCE_UNAVAILABLE
MOTHERSON,2018-03,3264.0,-3194.0,-2221.0,-2152.0,56303.0,2260.0,,,,CAPEX_SOURCE_UNAVAILABLE
MOTHERSON,2019-03,4312.0,-3318.0,-225.0,769.0,63523.0,2098.0,,,,CAPEX_SOURCE_UNAVAILABLE
MOTHERSON,2020-03,6352.0,-2220.0,-2803.0,1329.0,60729.0,1294.0,,,,CAPEX_SOURCE_UNAVAILABLE
MOTHERSON,2021-03,5051.0,-1886.0,-2098.0,1068.0,57370.0,1569.0,,,,CAPEX_SOURCE_UNAVAILABLE
MOTHERSON,2022-03,2463.0,-2304.0,-1217.0,-1059.0,63774.0,1182.0,,,,CAPEX_SOURCE_UNAVAILABLE
MOTHERSON,2023-03,4643.0,-2248.0,-2734.0,-339.0,78788.0,1670.0,,,,CAPEX_SOURCE_UNAVAILABLE
MOTHERSON,2024-03,7569.0,-6644.0,1281.0,2205.0,98692.0,3020.0,,,,CAPEX_SOURCE_UNAVAILABLE
NAUKRI,2013-03,75.0,-46.0,-12.0,16.0,472.0,76.0,,,,CAPEX_SOURCE_UNAVAILABLE
NAUKRI,2014-03,81.0,-204.0,130.0,7.0,567.0,60.0,,,,CAPEX_SOURCE_UNAVAILABLE
NAUKRI,2015-03,51.0,-1051.0,1025.0,25.0,732.0,-14.0,,,,CAPEX_SOURCE_UNAVAILABLE
NAUKRI,2016-03,78.0,-2.0,-66.0,11.0,748.0,118.0,,,,CAPEX_SOURCE_UNAVAILABLE
NAUKRI,2017-03,213.0,-165.0,-42.0,7.0,888.0,-43.0,,,,CAPEX_SOURCE_UNAVAILABLE
NAUKRI,2018-03,253.0,-149.0,-75.0,29.0,988.0,501.0,,,,CAPEX_SOURCE_UNAVAILABLE
NAUKRI,2019-03,276.0,-59.0,-78.0,138.0,1151.0,592.0,,,,CAPEX_SOURCE_UNAVAILABLE
NAUKRI,2020-03,350.0,97.0,-143.0,304.0,1312.0,-246.0,,,,CAPEX_SOURCE_UNAVAILABLE
NAUKRI,2021-03,276.0,-2043.0,1880.0,113.0,1128.0,1418.0,,,,CAPEX_SOURCE_UNAVAILABLE
NAUKRI,2022-03,707.0,-1177.0,35.0,-435.0,1589.0,12882.0,,,,CAPEX_SOURCE_UNAVAILABLE
NAUKRI,2023-03,512.0,-358.0,2.0,156.0,2346.0,-70.0,,,,CAPEX_SOURCE_UNAVAILABLE
NAUKRI,2024-03,702.0,-852.0,120.0,-29.0,2536.0,595.0,,,,CAPEX_SOURCE_UNAVAILABLE
NESTLEIND,2013-12,1796.0,-441.0,-580.0,775.0,9101.0,1117.0,,,,CAPEX_SOURCE_UNAVAILABLE
NESTLEIND,2014-12,1644.0,-432.0,-1635.0,-423.0,9855.0,1185.0,,,,CAPEX_SOURCE_UNAVAILABLE
NESTLEIND,2015-12,1098.0,-70.0,-498.0,529.0,8175.0,563.0,,,,CAPEX_SOURCE_UNAVAILABLE
NESTLEIND,2016-12,1466.0,-126.0,-666.0,674.0,9141.0,1001.0,,,,CAPEX_SOURCE_UNAVAILABLE
NESTLEIND,2017-12,1818.0,-131.0,-997.0,691.0,10010.0,1225.0,,,,CAPEX_SOURCE_UNAVAILABLE
NESTLEIND,2018-12,2052.0,-52.0,-1317.0,683.0,11292.0,1607.0,,,,CAPEX_SOURCE_UNAVAILABLE
NESTLEIND,2019-12,2295.0,83.0,-3602.0,-1223.0,12369.0,1968.0,,,,CAPEX_SOURCE_UNAVAILABLE
NESTLEIND,2020-12,2454.0,-321.0,-1956.0,177.0,13350.0,2082.0,,,,CAPEX_SOURCE_UNAVAILABLE
NESTLEIND,2021-12,2236.0,-1920.0,-2020.0,-1704.0,14741.0,2118.0,,,,CAPEX_SOURCE_UNAVAILABLE
NESTLEIND,2022-12,2737.0,-392.0,-2123.0,223.0,16897.0,2391.0,,,,CAPEX_SOURCE_UNAVAILABLE
NESTLEIND,2023-12,3392.0,-927.0,-2436.0,29.0,19126.0,2999.0,,,,CAPEX_SOURCE_UNAVAILABLE
NESTLEIND,2024-03,4175.0,-1237.0,-3135.0,-198.0,24394.0,3933.0,,,,CAPEX_SOURCE_UNAVAILABLE
NHPC,2013-03,2846.0,-1330.0,-1344.0,172.0,6381.0,2873.0,,,,CAPEX_SOURCE_UNAVAILABLE
NHPC,2014-03,3824.0,-1122.0,-4536.0,-1834.0,7389.0,1633.0,,,,CAPEX_SOURCE_UNAVAILABLE
NHPC,2015-03,4061.0,-768.0,-2494.0,798.0,8221.0,2798.0,,,,CAPEX_SOURCE_UNAVAILABLE
NHPC,2016-03,5971.0,-746.0,-4000.0,1224.0,8354.0,2365.0,,,,CAPEX_SOURCE_UNAVAILABLE
NHPC,2017-03,8329.0,-1864.0,-7812.0,-1347.0,8623.0,3480.0,,,,CAPEX_SOURCE_UNAVAILABLE
NHPC,2018-03,4696.0,-886.0,-3863.0,-53.0,7755.0,2785.0,,,,CAPEX_SOURCE_UNAVAILABLE
NHPC,2019-03,3824.0,-1182.0,-2637.0,5.0,8983.0,2836.0,,,,CAPEX_SOURCE_UNAVAILABLE
NHPC,2020-03,2993.0,-2987.0,12.0,17.0,10008.0,3345.0,,,,CAPEX_SOURCE_UNAVAILABLE
NHPC,2021-03,5070.0,-1607.0,-3058.0,405.0,9648.0,3600.0,,,,CAPEX_SOURCE_UNAVAILABLE
NHPC,2022-03,4590.0,-3084.0,-638.0,867.0,9144.0,3774.0,,,,CAPEX_SOURCE_UNAVAILABLE
NHPC,2023-03,4705.0,-4191.0,-795.0,-281.0,10607.0,4261.0,,,,CAPEX_SOURCE_UNAVAILABLE
NHPC,2024-03,6938.0,-5968.0,-581.0,388.0,9632.0,4028.0,,,,CAPEX_SOURCE_UNAVAILABLE
NTPC,2013-03,16508.0,-16845.0,988.0,651.0,71518.0,12586.0,,,,CAPEX_SOURCE_UNAVAILABLE
NTPC,2014-03,16531.0,-15509.0,-2709.0,-1687.0,78330.0,11403.0,,,,CAPEX_SOURCE_UNAVAILABLE
NTPC,2015-03,14889.0,-15977.0,-1474.0,-2563.0,79957.0,9992.0,,,,CAPEX_SOURCE_UNAVAILABLE
NTPC,2016-03,24125.0,-19162.0,-3899.0,1064.0,73396.0,10781.0,,,,CAPEX_SOURCE_UNAVAILABLE
NTPC,2017-03,20167.0,-24480.0,3138.0,-1176.0,82042.0,10714.0,,,,CAPEX_SOURCE_UNAVAILABLE
NTPC,2018-03,19670.0,-20678.0,1028.0,19.0,88083.0,10502.0,,,,CAPEX_SOURCE_UNAVAILABLE
NTPC,2019-03,18686.0,-24063.0,4927.0,-451.0,100287.0,14034.0,,,,CAPEX_SOURCE_UNAVAILABLE
NTPC,2020-03,23890.0,-29628.0,6004.0,266.0,109464.0,11902.0,,,,CAPEX_SOURCE_UNAVAILABLE
NTPC,2021-03,32444.0,-21034.0,-11049.0,360.0,111531.0,14969.0,,,,CAPEX_SOURCE_UNAVAILABLE
NTPC,2022-03,41788.0,-22891.0,-19172.0,-274.0,132669.0,16960.0,,,,CAPEX_SOURCE_UNAVAILABLE
NTPC,2023-03,47152.0,-26145.0,-21217.0,-210.0,176207.0,17121.0,,,,CAPEX_SOURCE_UNAVAILABLE
NTPC,2024-03,40785.0,-32141.0,-8246.0,398.0,178501.0,21332.0,,,,CAPEX_SOURCE_UNAVAILABLE
ONGC,2013-03,39874.0,-41220.0,-6927.0,-8273.0,161984.0,23994.0,,,,CAPEX_SOURCE_UNAVAILABLE
ONGC,2014-03,53270.0,-63633.0,15225.0,4862.0,174121.0,26665.0,,,,CAPEX_SOURCE_UNAVAILABLE
ONGC,2015-03,33950.0,-30058.0,-10641.0,-6749.0,160923.0,17703.0,,,,CAPEX_SOURCE_UNAVAILABLE
ONGC,2016-03,46292.0,-38256.0,-8972.0,-935.0,124036.0,13102.0,,,,CAPEX_SOURCE_UNAVAILABLE
ONGC,2017-03,45780.0,-43815.0,-1867.0,99.0,282506.0,29169.0,,,,CAPEX_SOURCE_UNAVAILABLE
ONGC,2018-03,56792.0,-66798.0,9909.0,-97.0,322706.0,26068.0,,,,CAPEX_SOURCE_UNAVAILABLE
ONGC,2019-03,61458.0,-37132.0,-23324.0,1001.0,421624.0,33938.0,,,,CAPEX_SOURCE_UNAVAILABLE
ONGC,2020-03,70593.0,-53159.0,-16726.0,708.0,396728.0,11456.0,,,,CAPEX_SOURCE_UNAVAILABLE
ONGC,2021-03,47185.0,-39141.0,-8239.0,-195.0,303849.0,21360.0,,,,CAPEX_SOURCE_UNAVAILABLE
ONGC,2022-03,78248.0,-41197.0,-35790.0,1261.0,491246.0,49294.0,,,,CAPEX_SOURCE_UNAVAILABLE
ONGC,2023-03,86062.0,-74690.0,-12876.0,-1504.0,632291.0,32778.0,,,,CAPEX_SOURCE_UNAVAILABLE
ONGC,2024-03,99263.0,-57203.0,-45650.0,-3591.0,591396.0,57101.0,,,,CAPEX_SOURCE_UNAVAILABLE
PFC,2013-03,-25102.0,22.0,27947.0,2868.0,17314.0,4438.0,,,,CAPEX_SOURCE_UNAVAILABLE
PFC,2014-03,-22473.0,9.0,17671.0,-4793.0,21407.0,5462.0,,,,CAPEX_SOURCE_UNAVAILABLE
PFC,2015-03,-21455.0,-491.0,26916.0,4970.0,24988.0,6004.0,,,,CAPEX_SOURCE_UNAVAILABLE
PFC,2016-03,-13298.0,-1973.0,10383.0,-4888.0,27861.0,6184.0,,,,CAPEX_SOURCE_UNAVAILABLE
PFC,2017-03,1795.0,-667.0,1950.0,3079.0,27581.0,2236.0,,,,CAPEX_SOURCE_UNAVAILABLE
PFC,2018-03,-57148.0,1409.0,52018.0,-3720.0,48624.0,8797.0,,,,CAPEX_SOURCE_UNAVAILABLE
PFC,2019-03,-80252.0,-13463.0,93616.0,-98.0,54106.0,12640.0,,,,CAPEX_SOURCE_UNAVAILABLE
PFC,2020-03,-42148.0,-73.0,43399.0,1179.0,62189.0,9477.0,,,,CAPEX_SOURCE_UNAVAILABLE
PFC,2021-03,-59143.0,1741.0,60424.0,3023.0,71656.0,15716.0,,,,CAPEX_SOURCE_UNAVAILABLE
PFC,2022-03,4904.0,-547.0,-8371.0,-4014.0,76262.0,18768.0,,,,CAPEX_SOURCE_UNAVAILABLE
PFC,2023-03,-74717.0,-1694.0,75537.0,-874.0,77684.0,21179.0,,,,CAPEX_SOURCE_UNAVAILABLE
PFC,2024-03,-97820.0,-3409.0,101261.0,32.0,91508.0,26461.0,,,,CAPEX_SOURCE_UNAVAILABLE
PIDILITIND,2013-03,472.0,-144.0,-339.0,-12.0,3678.0,424.0,,,,CAPEX_SOURCE_UNAVAILABLE
PIDILITIND,2014-03,394.0,-99.0,-242.0,54.0,4283.0,450.0,,,,CAPEX_SOURCE_UNAVAILABLE
PIDILITIND,2015-03,552.0,-436.0,-165.0,-49.0,4844.0,514.0,,,,CAPEX_SOURCE_UNAVAILABLE
PIDILITIND,2016-03,907.0,-491.0,-371.0,45.0,5361.0,807.0,,,,CAPEX_SOURCE_UNAVAILABLE
PIDILITIND,2017-03,794.0,-879.0,41.0,-45.0,5617.0,863.0,,,,CAPEX_SOURCE_UNAVAILABLE
PIDILITIND,2018-03,796.0,39.0,-790.0,46.0,6078.0,966.0,,,,CAPEX_SOURCE_UNAVAILABLE
PIDILITIND,2019-03,845.0,-513.0,-361.0,-29.0,7078.0,928.0,,,,CAPEX_SOURCE_UNAVAILABLE
PIDILITIND,2020-03,1280.0,103.0,-849.0,533.0,7294.0,1122.0,,,,CAPEX_SOURCE_UNAVAILABLE
PIDILITIND,2021-03,1392.0,-1688.0,-76.0,-372.0,7293.0,1126.0,,,,CAPEX_SOURCE_UNAVAILABLE
PIDILITIND,2022-03,955.0,-558.0,-468.0,-71.0,9921.0,1207.0,,,,CAPEX_SOURCE_UNAVAILABLE
PIDILITIND,2023-03,1558.0,-899.0,-656.0,2.0,11799.0,1289.0,,,,CAPEX_SOURCE_UNAVAILABLE
PIDILITIND,2024-03,2724.0,-1769.0,-742.0,212.0,12383.0,1747.0,,,,CAPEX_SOURCE_UNAVAILABLE
PNB,2013-03,-692.0,-600.0,-694.0,-1987.0,43071.0,5020.0,,,,CAPEX_SOURCE_UNAVAILABLE
PNB,2014-03,16906.0,-302.0,2129.0,18733.0,44958.0,3674.0,,,,CAPEX_SOURCE_UNAVAILABLE
PNB,2015-03,4814.0,-872.0,7451.0,11393.0,48710.0,3525.0,,,,CAPEX_SOURCE_UNAVAILABLE
PNB,2016-03,14167.0,-1352.0,5975.0,18790.0,50804.0,-3510.0,,,,CAPEX_SOURCE_UNAVAILABLE
PNB,2017-03,21938.0,159.0,-9767.0,12330.0,48058.0,1239.0,,,,CAPEX_SOURCE_UNAVAILABLE
PNB,2018-03,-1742.0,392.0,7460.0,6109.0,48725.0,-12111.0,,,,CAPEX_SOURCE_UNAVAILABLE
PNB,2019-03,-33532.0,-629.0,13969.0,-20192.0,52147.0,-9550.0,,,,CAPEX_SOURCE_UNAVAILABLE
PNB,2020-03,-12793.0,-338.0,13591.0,460.0,54918.0,485.0,,,,CAPEX_SOURCE_UNAVAILABLE
PNB,2021-03,30950.0,-787.0,5415.0,35579.0,81935.0,2695.0,,,,CAPEX_SOURCE_UNAVAILABLE
PNB,2022-03,20032.0,-1204.0,2032.0,20859.0,76242.0,3908.0,,,,CAPEX_SOURCE_UNAVAILABLE
PNB,2023-03,22592.0,-732.0,1275.0,23135.0,86845.0,3359.0,,,,CAPEX_SOURCE_UNAVAILABLE
PNB,2024-03,-27939.0,-1506.0,3518.0,-25928.0,109065.0,9157.0,,,,CAPEX_SOURCE_UNAVAILABLE
POWERGRID,2013-03,11690.0,-22084.0,9962.0,-432.0,13081.0,4313.0,,,,CAPEX_SOURCE_UNAVAILABLE
POWERGRID,2014-03,15223.0,-26639.0,13712.0,2295.0,15555.0,4548.0,,,,CAPEX_SOURCE_UNAVAILABLE
POWERGRID,2015-03,15800.0,-24185.0,6399.0,-1986.0,17540.0,5046.0,,,,CAPEX_SOURCE_UNAVAILABLE
POWERGRID,2016-03,15008.0,-21576.0,5621.0,-948.0,20652.0,5959.0,,,,CAPEX_SOURCE_UNAVAILABLE
POWERGRID,2017-03,21575.0,-23836.0,3959.0,1698.0,25697.0,7451.0,,,,CAPEX_SOURCE_UNAVAILABLE
POWERGRID,2018-03,22710.0,-25701.0,1285.0,-1707.0,29954.0,8204.0,,,,CAPEX_SOURCE_UNAVAILABLE
POWERGRID,2019-03,23271.0,-18727.0,-2431.0,2113.0,35059.0,10034.0,,,,CAPEX_SOURCE_UNAVAILABLE
POWERGRID,2020-03,30739.0,-10733.0,-18806.0,1199.0,37744.0,11059.0,,,,CAPEX_SOURCE_UNAVAILABLE
POWERGRID,2021-03,29403.0,-9244.0,-20521.0,-362.0,39640.0,12036.0,,,,CAPEX_SOURCE_UNAVAILABLE
POWERGRID,2022-03,26124.0,753.0,-28967.0,-2091.0,41622.0,16824.0,,,,CAPEX_SOURCE_UNAVAILABLE
POWERGRID,2023-03,40203.0,-7138.0,-30450.0,2615.0,45603.0,15420.0,,,,CAPEX_SOURCE_UNAVAILABLE
POWERGRID,2024-03,37290.0,-13114.0,-25903.0,-1728.0,45843.0,15573.0,,,,CAPEX_SOURCE_UNAVAILABLE
RECLTD,2013-03,-20059.0,152.0,16059.0,-3847.0,13634.0,3833.0,,,,CAPEX_SOURCE_UNAVAILABLE
RECLTD,2014-03,-17244.0,136.0,16815.0,-293.0,17223.0,4741.0,,,,CAPEX_SOURCE_UNAVAILABLE
RECLTD,2015-03,-23898.0,151.0,23098.0,-649.0,20544.0,5344.0,,,,CAPEX_SOURCE_UNAVAILABLE
RECLTD,2016-03,-13278.0,-756.0,15291.0,1257.0,24125.0,5691.0,,,,CAPEX_SOURCE_UNAVAILABLE
RECLTD,2017-03,6805.0,-101.0,-3947.0,2757.0,24338.0,6313.0,,,,CAPEX_SOURCE_UNAVAILABLE
RECLTD,2018-03,-32510.0,46.0,28244.0,-4220.0,22658.0,4451.0,,,,CAPEX_SOURCE_UNAVAILABLE
RECLTD,2019-03,-35866.0,457.0,35543.0,134.0,25408.0,5741.0,,,,CAPEX_SOURCE_UNAVAILABLE
RECLTD,2020-03,-32712.0,121.0,33926.0,1336.0,29942.0,4972.0,,,,CAPEX_SOURCE_UNAVAILABLE
RECLTD,2021-03,-43512.0,861.0,42113.0,-538.0,35557.0,8378.0,,,,CAPEX_SOURCE_UNAVAILABLE
RECLTD,2022-03,-819.0,-287.0,68.0,-1038.0,39276.0,10036.0,,,,CAPEX_SOURCE_UNAVAILABLE
RECLTD,2023-03,-37360.0,-943.0,38123.0,-180.0,39486.0,11167.0,,,,CAPEX_SOURCE_UNAVAILABLE
RECLTD,2024-03,-57723.0,-1831.0,59588.0,34.0,47517.0,14145.0,,,,CAPEX_SOURCE_UNAVAILABLE
RELIANCE,2013-03,36918.0,-27601.0,408.0,9725.0,395957.0,20886.0,,,,CAPEX_SOURCE_UNAVAILABLE
RELIANCE,2014-03,43261.0,-73070.0,13713.0,-16096.0,433521.0,22548.0,,,,CAPEX_SOURCE_UNAVAILABLE
RELIANCE,2015-03,34374.0,-64706.0,8444.0,-21888.0,374372.0,23640.0,,,,CAPEX_SOURCE_UNAVAILABLE
RELIANCE,2016-03,38134.0,-36186.0,-3210.0,-1262.0,272583.0,29861.0,,,,CAPEX_SOURCE_UNAVAILABLE
RELIANCE,2017-03,49550.0,-66201.0,8617.0,-8034.0,303954.0,29833.0,,,,CAPEX_SOURCE_UNAVAILABLE
RELIANCE,2018-03,71459.0,-68192.0,-2001.0,1266.0,390823.0,36080.0,,,,CAPEX_SOURCE_UNAVAILABLE
RELIANCE,2019-03,42346.0,-94507.0,55906.0,3745.0,568337.0,39837.0,,,,CAPEX_SOURCE_UNAVAILABLE
RELIANCE,2020-03,94877.0,-72497.0,-2541.0,19839.0,596679.0,39880.0,,,,CAPEX_SOURCE_UNAVAILABLE
RELIANCE,2021-03,26958.0,-142385.0,101904.0,-13523.0,466307.0,53739.0,,,,CAPEX_SOURCE_UNAVAILABLE
RELIANCE,2022-03,110654.0,-109162.0,17289.0,18781.0,694673.0,67845.0,,,,CAPEX_SOURCE_UNAVAILABLE
RELIANCE,2023-03,115032.0,-93001.0,10455.0,32486.0,876396.0,74088.0,,,,CAPEX_SOURCE_UNAVAILABLE
RELIANCE,2024-03,158788.0,-113581.0,-16646.0,28561.0,899041.0,79020.0,,,,CAPEX_SOURCE_UNAVAILABLE
SBILIFE,2013-03,1130.0,-227.0,-58.0,845.0,14870.0,630.0,,,,CAPEX_SOURCE_UNAVAILABLE
SBILIFE,2014-03,166.0,-708.0,-58.0,-600.0,17258.0,728.0,,,,CAPEX_SOURCE_UNAVAILABLE
SBILIFE,2015-03,2711.0,-178.0,-117.0,2416.0,23399.0,815.0,,,,CAPEX_SOURCE_UNAVAILABLE
SBILIFE,2016-03,5778.0,-7204.0,-144.0,-1570.0,19324.0,844.0,,,,CAPEX_SOURCE_UNAVAILABLE
SBILIFE,2017-03,8525.0,-9032.0,-144.0,-651.0,30548.0,955.0,,,,CAPEX_SOURCE_UNAVAILABLE
SBILIFE,2018-03,10395.0,-8910.0,-221.0,1264.0,34068.0,1150.0,,,,CAPEX_SOURCE_UNAVAILABLE
SBILIFE,2019-03,13473.0,-13552.0,-241.0,-321.0,44604.0,1327.0,,,,CAPEX_SOURCE_UNAVAILABLE
SBILIFE,2020-03,19299.0,-16986.0,-198.0,2114.0,43798.0,1422.0,,,,CAPEX_SOURCE_UNAVAILABLE
SBILIFE,2021-03,23878.0,-19203.0,3.0,4677.0,81913.0,1456.0,,,,CAPEX_SOURCE_UNAVAILABLE
SBILIFE,2022-03,21852.0,-21611.0,-231.0,10.0,82983.0,1506.0,,,,CAPEX_SOURCE_UNAVAILABLE
SBILIFE,2023-03,28656.0,-30203.0,-415.0,-1962.0,80636.0,1721.0,,,,CAPEX_SOURCE_UNAVAILABLE
SBILIFE,2024-03,29122.0,-31221.0,-227.0,-2327.0,131988.0,1894.0,,,,CAPEX_SOURCE_UNAVAILABLE
SBIN,2013-03,24332.0,-2271.0,-4424.0,17637.0,167976.0,18555.0,,,,CAPEX_SOURCE_UNAVAILABLE
SBIN,2014-03,19142.0,-791.0,3583.0,21934.0,189062.0,14807.0,,,,CAPEX_SOURCE_UNAVAILABLE
SBIN,2015-03,26297.0,-3424.0,-1553.0,21320.0,207974.0,17832.0,,,,CAPEX_SOURCE_UNAVAILABLE
SBIN,2016-03,14477.0,-2747.0,4348.0,16078.0,220633.0,13019.0,,,,CAPEX_SOURCE_UNAVAILABLE
SBIN,2017-03,77406.0,-4572.0,-4196.0,68638.0,230447.0,-97.0,,,,CAPEX_SOURCE_UNAVAILABLE
SBIN,2018-03,-96508.0,13053.0,5547.0,-77908.0,228970.0,-3749.0,,,,CAPEX_SOURCE_UNAVAILABLE
SBIN,2019-03,29556.0,220.0,448.0,30223.0,253322.0,3351.0,,,,CAPEX_SOURCE_UNAVAILABLE
SBIN,2020-03,23929.0,-555.0,5430.0,28803.0,269852.0,21140.0,,,,CAPEX_SOURCE_UNAVAILABLE
SBIN,2021-03,89919.0,-3670.0,7143.0,93392.0,278115.0,23888.0,,,,CAPEX_SOURCE_UNAVAILABLE
SBIN,2022-03,57695.0,-2652.0,-3845.0,51198.0,289973.0,37183.0,,,,CAPEX_SOURCE_UNAVAILABLE
SBIN,2023-03,-86014.0,-966.0,6386.0,-80593.0,350845.0,57750.0,,,,CAPEX_SOURCE_UNAVAILABLE
SBIN,2024-03,21632.0,-3476.0,-9896.0,8260.0,439189.0,69543.0,,,,CAPEX_SOURCE_UNAVAILABLE
SHREECEM,2013-06,1260.0,-270.0,-982.0,8.0,5418.0,1004.0,,,,CAPEX_SOURCE_UNAVAILABLE
SHREECEM,2014-06,1401.0,-1234.0,-156.0,11.0,5715.0,787.0,,,,CAPEX_SOURCE_UNAVAILABLE
SHREECEM,2015-06,1239.0,-990.0,-259.0,-10.0,6259.0,426.0,,,,CAPEX_SOURCE_UNAVAILABLE
SHREECEM,2016-03,1566.0,-1265.0,-271.0,31.0,,,,,,CAPEX_SOURCE_UNAVAILABLE
SHREECEM,2017-03,2202.0,-2048.0,-167.0,-13.0,8594.0,1339.0,,,,CAPEX_SOURCE_UNAVAILABLE
SHREECEM,2018-03,1879.0,-3595.0,1726.0,10.0,9833.0,1384.0,,,,CAPEX_SOURCE_UNAVAILABLE
SHREECEM,2019-03,2080.0,-720.0,-1276.0,84.0,12555.0,1015.0,,,,CAPEX_SOURCE_UNAVAILABLE
SHREECEM,2020-03,3973.0,-5590.0,1581.0,-36.0,12868.0,1544.0,,,,CAPEX_SOURCE_UNAVAILABLE
SHREECEM,2021-03,4254.0,-2651.0,-1233.0,370.0,13560.0,2337.0,,,,CAPEX_SOURCE_UNAVAILABLE
SHREECEM,2022-03,2668.0,-2143.0,-849.0,-324.0,15010.0,1269.0,,,,CAPEX_SOURCE_UNAVAILABLE
SHREECEM,2023-03,2569.0,-2405.0,-277.0,-113.0,17852.0,2369.0,,,,CAPEX_SOURCE_UNAVAILABLE
SHREECEM,2024-03,3347.0,-1418.0,-1710.0,220.0,20521.0,1733.0,,,,CAPEX_SOURCE_UNAVAILABLE
SHRIRAMFIN,2013-03,-8359.0,-41.0,9060.0,661.0,7009.0,1463.0,,,,CAPEX_SOURCE_UNAVAILABLE
SHRIRAMFIN,2014-03,-4055.0,-112.0,5010.0,843.0,8476.0,1358.0,,,,CAPEX_SOURCE_UNAVAILABLE
SHRIRAMFIN,2015-03,-9611.0,-45.0,7836.0,-1819.0,9177.0,1028.0,,,,CAPEX_SOURCE_UNAVAILABLE
SHRIRAMFIN,2016-03,-5507.0,-36.0,2822.0,-2721.0,10359.0,1184.0,,,,CAPEX_SOURCE_UNAVAILABLE
SHRIRAMFIN,2017-03,-2677.0,-2.0,3017.0,338.0,10903.0,1266.0,,,,CAPEX_SOURCE_UNAVAILABLE
SHRIRAMFIN,2018-03,-13142.0,86.0,13014.0,-42.0,13502.0,2549.0,,,,CAPEX_SOURCE_UNAVAILABLE
SHRIRAMFIN,2019-03,-5535.0,-76.0,5550.0,-62.0,15536.0,2576.0,,,,CAPEX_SOURCE_UNAVAILABLE
SHRIRAMFIN,2020-03,-2464.0,-55.0,4579.0,2060.0,16561.0,2512.0,,,,CAPEX_SOURCE_UNAVAILABLE
SHRIRAMFIN,2021-03,-4239.0,-25.0,12226.0,7962.0,17422.0,2499.0,,,,CAPEX_SOURCE_UNAVAILABLE
SHRIRAMFIN,2022-03,-8859.0,-34.0,8505.0,-388.0,19255.0,2721.0,,,,CAPEX_SOURCE_UNAVAILABLE
SHRIRAMFIN,2023-03,-17625.0,5076.0,11820.0,-730.0,30492.0,6020.0,,,,CAPEX_SOURCE_UNAVAILABLE
SHRIRAMFIN,2024-03,-31101.0,-258.0,27609.0,-3750.0,36388.0,7399.0,,,,CAPEX_SOURCE_UNAVAILABLE
SIEMENS,2011-09,3.0,264.0,-196.0,70.0,11955.0,868.0,,,,CAPEX_SOURCE_UNAVAILABLE
SIEMENS,2014-09,608.0,130.0,-220.0,517.0,10678.0,603.0,,,,CAPEX_SOURCE_UNAVAILABLE
SIEMENS,2015-09,574.0,646.0,-245.0,975.0,10563.0,1174.0,,,,CAPEX_SOURCE_UNAVAILABLE
SIEMENS,2016-09,513.0,237.0,-1614.0,-864.0,10837.0,2914.0,,,,CAPEX_SOURCE_UNAVAILABLE
SIEMENS,2017-09,573.0,1321.0,-285.0,1610.0,11065.0,1137.0,,,,CAPEX_SOURCE_UNAVAILABLE
SIEMENS,2018-09,100.0,-174.0,-305.0,-379.0,12795.0,901.0,,,,CAPEX_SOURCE_UNAVAILABLE
SIEMENS,2019-09,1273.0,-1135.0,-312.0,-174.0,13084.0,1099.0,,,,CAPEX_SOURCE_UNAVAILABLE
SIEMENS,2020-09,720.0,871.0,-386.0,1205.0,9946.0,769.0,,,,CAPEX_SOURCE_UNAVAILABLE
SIEMENS,2021-09,1422.0,-2389.0,-502.0,-1469.0,13198.0,1089.0,,,,CAPEX_SOURCE_UNAVAILABLE
SIEMENS,2022-09,978.0,-34.0,-392.0,552.0,16138.0,1543.0,,,,CAPEX_SOURCE_UNAVAILABLE
SIEMENS,2023-09,1400.0,-759.0,-450.0,191.0,19554.0,1962.0,,,,CAPEX_SOURCE_UNAVAILABLE
SIEMENS,2024-09,1670.0,-502.0,-523.0,644.0,22240.0,2718.0,,,,CAPEX_SOURCE_UNAVAILABLE
SUNPHARMA,2013-03,3357.0,-2375.0,-665.0,316.0,11131.0,3469.0,,,,CAPEX_SOURCE_UNAVAILABLE
SUNPHARMA,2014-03,3959.0,-2176.0,507.0,2290.0,16080.0,3879.0,,,,CAPEX_SOURCE_UNAVAILABLE
SUNPHARMA,2015-03,5616.0,-1502.0,-1187.0,2927.0,27392.0,5476.0,,,,CAPEX_SOURCE_UNAVAILABLE
SUNPHARMA,2016-03,6686.0,-3949.0,-1889.0,848.0,28487.0,5658.0,,,,CAPEX_SOURCE_UNAVAILABLE
SUNPHARMA,2017-03,7082.0,-4186.0,-2285.0,611.0,31578.0,7846.0,,,,CAPEX_SOURCE_UNAVAILABLE
SUNPHARMA,2018-03,3907.0,-3104.0,-1539.0,-736.0,26489.0,2542.0,,,,CAPEX_SOURCE_UNAVAILABLE
SUNPHARMA,2019-03,2196.0,-310.0,-2731.0,-844.0,29066.0,3208.0,,,,CAPEX_SOURCE_UNAVAILABLE
SUNPHARMA,2020-03,6555.0,-2225.0,-5715.0,-1386.0,32838.0,4172.0,,,,CAPEX_SOURCE_UNAVAILABLE
SUNPHARMA,2021-03,6170.0,407.0,-5980.0,596.0,33498.0,2272.0,,,,CAPEX_SOURCE_UNAVAILABLE
SUNPHARMA,2022-03,8985.0,-5556.0,-5193.0,-1765.0,38654.0,3389.0,,,,CAPEX_SOURCE_UNAVAILABLE
SUNPHARMA,2023-03,4959.0,-7220.0,2376.0,115.0,43886.0,8513.0,,,,CAPEX_SOURCE_UNAVAILABLE
SUNPHARMA,2024-03,12135.0,-763.0,-6710.0,4662.0,48497.0,9610.0,,,,CAPEX_SOURCE_UNAVAILABLE
TATACONSUM,2013-03,173.0,24.0,186.0,383.0,7351.0,445.0,,,,CAPEX_SOURCE_UNAVAILABLE
TATACONSUM,2014-03,422.0,-1.0,-363.0,57.0,7738.0,510.0,,,,CAPEX_SOURCE_UNAVAILABLE
TATACONSUM,2015-03,418.0,-207.0,-392.0,-182.0,7993.0,273.0,,,,CAPEX_SOURCE_UNAVAILABLE
TATACONSUM,2016-03,116.0,145.0,-282.0,-21.0,6637.0,-37.0,,,,CAPEX_SOURCE_UNAVAILABLE
TATACONSUM,2017-03,741.0,145.0,-816.0,70.0,6780.0,455.0,,,,CAPEX_SOURCE_UNAVAILABLE
TATACONSUM,2018-03,356.0,-31.0,-30.0,294.0,6815.0,556.0,,,,CAPEX_SOURCE_UNAVAILABLE
TATACONSUM,2019-03,210.0,53.0,-224.0,39.0,7252.0,457.0,,,,CAPEX_SOURCE_UNAVAILABLE
TATACONSUM,2020-03,1082.0,-622.0,-308.0,152.0,9637.0,460.0,,,,CAPEX_SOURCE_UNAVAILABLE
TATACONSUM,2021-03,1656.0,-346.0,-426.0,884.0,11602.0,930.0,,,,CAPEX_SOURCE_UNAVAILABLE
TATACONSUM,2022-03,1516.0,-1317.0,-995.0,-796.0,12425.0,1015.0,,,,CAPEX_SOURCE_UNAVAILABLE
TATACONSUM,2023-03,1461.0,-834.0,-714.0,-87.0,13783.0,1320.0,,,,CAPEX_SOURCE_UNAVAILABLE
TATACONSUM,2024-03,1937.0,-1911.0,256.0,281.0,15206.0,1215.0,,,,CAPEX_SOURCE_UNAVAILABLE
TATAMOTORS,2013-03,22163.0,-22969.0,-1692.0,-2499.0,188793.0,9976.0,,,,CAPEX_SOURCE_UNAVAILABLE
TATAMOTORS,2014-03,36151.0,-27991.0,-3883.0,4277.0,232834.0,14050.0,,,,CAPEX_SOURCE_UNAVAILABLE
TATAMOTORS,2015-03,35531.0,-36232.0,5201.0,4500.0,263159.0,14073.0,,,,CAPEX_SOURCE_UNAVAILABLE
TATAMOTORS,2016-03,37900.0,-36694.0,-3795.0,-2589.0,273046.0,11678.0,,,,CAPEX_SOURCE_UNAVAILABLE
TATAMOTORS,2017-03,30199.0,-39571.0,6205.0,-3167.0,269693.0,7557.0,,,,CAPEX_SOURCE_UNAVAILABLE
TATAMOTORS,2018-03,23857.0,-25139.0,2012.0,730.0,291550.0,9091.0,,,,CAPEX_SOURCE_UNAVAILABLE
TATAMOTORS,2019-03,18891.0,-20878.0,8830.0,6843.0,301938.0,-28724.0,,,,CAPEX_SOURCE_UNAVAILABLE
TATAMOTORS,2020-03,26633.0,-33115.0,3390.0,-3092.0,261068.0,-11975.0,,,,CAPEX_SOURCE_UNAVAILABLE
TATAMOTORS,2021-03,29001.0,-25672.0,9904.0,13232.0,249795.0,-13395.0,,,,CAPEX_SOURCE_UNAVAILABLE
TATAMOTORS,2022-03,14283.0,-4444.0,-3380.0,6459.0,278454.0,-11309.0,,,,CAPEX_SOURCE_UNAVAILABLE
TATAMOTORS,2023-03,35388.0,-15417.0,-26243.0,-6272.0,345967.0,2690.0,,,,CAPEX_SOURCE_UNAVAILABLE
TATAMOTORS,2024-03,67915.0,-22782.0,-37006.0,8128.0,437928.0,31807.0,,,,CAPEX_SOURCE_UNAVAILABLE
TATAPOWER,2013-03,3286.0,-4026.0,-593.0,-1333.0,33177.0,123.0,,,,CAPEX_SOURCE_UNAVAILABLE
TATAPOWER,2014-03,6483.0,-3609.0,-3265.0,-392.0,35726.0,12.0,,,,CAPEX_SOURCE_UNAVAILABLE
TATAPOWER,2015-03,5981.0,-3865.0,-2239.0,-123.0,33593.0,457.0,,,,CAPEX_SOURCE_UNAVAILABLE
TATAPOWER,2016-03,7415.0,-1805.0,-6183.0,-574.0,29494.0,786.0,,,,CAPEX_SOURCE_UNAVAILABLE
TATAPOWER,2017-03,7014.0,-7373.0,937.0,579.0,27588.0,1100.0,,,,CAPEX_SOURCE_UNAVAILABLE
TATAPOWER,2018-03,6364.0,-1512.0,-4726.0,126.0,26840.0,2611.0,,,,CAPEX_SOURCE_UNAVAILABLE
TATAPOWER,2019-03,4574.0,-272.0,-5184.0,-883.0,29881.0,2606.0,,,,CAPEX_SOURCE_UNAVAILABLE
TATAPOWER,2020-03,7375.0,-493.0,-5110.0,1773.0,29136.0,1316.0,,,,CAPEX_SOURCE_UNAVAILABLE
TATAPOWER,2021-03,8345.0,993.0,-7603.0,1736.0,32703.0,1439.0,,,,CAPEX_SOURCE_UNAVAILABLE
TATAPOWER,2022-03,6693.0,-6250.0,-1183.0,-741.0,42816.0,2156.0,,,,CAPEX_SOURCE_UNAVAILABLE
TATAPOWER,2023-03,7166.0,-7263.0,1341.0,1243.0,55109.0,3810.0,,,,CAPEX_SOURCE_UNAVAILABLE
TATAPOWER,2024-03,12596.0,-9027.0,-4497.0,-928.0,61449.0,4280.0,,,,CAPEX_SOURCE_UNAVAILABLE
TATASTEEL,2013-03,14035.0,-13099.0,-1780.0,-844.0,134712.0,-7272.0,,,,CAPEX_SOURCE_UNAVAILABLE
TATASTEEL,2014-03,13146.0,-15378.0,1015.0,-1218.0,148614.0,3665.0,,,,CAPEX_SOURCE_UNAVAILABLE
TATASTEEL,2015-03,11880.0,-9021.0,-2617.0,241.0,139504.0,-3939.0,,,,CAPEX_SOURCE_UNAVAILABLE
TATASTEEL,2016-03,11455.0,-8794.0,-4729.0,-2068.0,101965.0,-497.0,,,,CAPEX_SOURCE_UNAVAILABLE
TATASTEEL,2017-03,10824.0,-9490.0,-2579.0,-1245.0,112299.0,-4169.0,,,,CAPEX_SOURCE_UNAVAILABLE
TATASTEEL,2018-03,8023.0,-11730.0,6640.0,2933.0,123249.0,17743.0,,,,CAPEX_SOURCE_UNAVAILABLE
TATASTEEL,2019-03,25336.0,-29176.0,-673.0,-4513.0,157669.0,9122.0,,,,CAPEX_SOURCE_UNAVAILABLE
TATASTEEL,2020-03,20169.0,-14012.0,-1695.0,4462.0,139817.0,1174.0,,,,CAPEX_SOURCE_UNAVAILABLE
TATASTEEL,2021-03,44327.0,-9437.0,-37090.0,-2200.0,156294.0,8190.0,,,,CAPEX_SOURCE_UNAVAILABLE
TATASTEEL,2022-03,44381.0,-10905.0,-23401.0,10075.0,243959.0,41749.0,,,,CAPEX_SOURCE_UNAVAILABLE
TATASTEEL,2023-03,21683.0,-18179.0,-6981.0,-3477.0,243353.0,8075.0,,,,CAPEX_SOURCE_UNAVAILABLE
TATASTEEL,2024-03,20301.0,-14253.0,-11097.0,-5049.0,229171.0,-4910.0,,,,CAPEX_SOURCE_UNAVAILABLE
TCS,2013-03,11615.0,-6038.0,-5729.0,-152.0,62989.0,14076.0,,,,CAPEX_SOURCE_UNAVAILABLE
TCS,2014-03,14751.0,-9452.0,-5673.0,-374.0,81809.0,19332.0,,,,CAPEX_SOURCE_UNAVAILABLE
TCS,2015-03,19369.0,-1807.0,-17168.0,394.0,94648.0,20060.0,,,,CAPEX_SOURCE_UNAVAILABLE
TCS,2016-03,19109.0,-5010.0,-9666.0,4433.0,108646.0,24338.0,,,,CAPEX_SOURCE_UNAVAILABLE
TCS,2017-03,25223.0,-16895.0,-11026.0,-2698.0,117966.0,26357.0,,,,CAPEX_SOURCE_UNAVAILABLE
TCS,2018-03,25067.0,3104.0,-26885.0,1286.0,123104.0,25880.0,,,,CAPEX_SOURCE_UNAVAILABLE
TCS,2019-03,28593.0,1645.0,-27897.0,2341.0,146463.0,31562.0,,,,CAPEX_SOURCE_UNAVAILABLE
TCS,2020-03,32369.0,8968.0,-39915.0,1422.0,156949.0,32447.0,,,,CAPEX_SOURCE_UNAVAILABLE
TCS,2021-03,38802.0,-7956.0,-32634.0,-1788.0,164177.0,32562.0,,,,CAPEX_SOURCE_UNAVAILABLE
TCS,2022-03,39949.0,-738.0,-33581.0,5630.0,191754.0,38449.0,,,,CAPEX_SOURCE_UNAVAILABLE
TCS,2023-03,41965.0,548.0,-47878.0,-5365.0,225458.0,42303.0,,,,CAPEX_SOURCE_UNAVAILABLE
TCS,2024-03,44338.0,6091.0,-48536.0,1893.0,240893.0,46099.0,,,,CAPEX_SOURCE_UNAVAILABLE
TECHM,2013-03,855.0,-622.0,65.0,298.0,6873.0,1307.0,,,,CAPEX_SOURCE_UNAVAILABLE
TECHM,2014-03,1596.0,291.0,-972.0,915.0,18802.0,3062.0,,,,CAPEX_SOURCE_UNAVAILABLE
TECHM,2015-03,2448.0,-1865.0,-829.0,-246.0,22621.0,2659.0,,,,CAPEX_SOURCE_UNAVAILABLE
TECHM,2016-03,3137.0,-1453.0,-496.0,1188.0,26494.0,3027.0,,,,CAPEX_SOURCE_UNAVAILABLE
TECHM,2017-03,4071.0,-2893.0,-1571.0,-392.0,29141.0,2851.0,,,,CAPEX_SOURCE_UNAVAILABLE
TECHM,2018-03,3554.0,-3319.0,-269.0,-35.0,30773.0,3786.0,,,,CAPEX_SOURCE_UNAVAILABLE
TECHM,2019-03,4432.0,-2104.0,-2251.0,77.0,34742.0,4289.0,,,,CAPEX_SOURCE_UNAVAILABLE
TECHM,2020-03,4358.0,1081.0,-4466.0,974.0,36868.0,3897.0,,,,CAPEX_SOURCE_UNAVAILABLE
TECHM,2021-03,8094.0,-5433.0,-2987.0,-326.0,37855.0,4353.0,,,,CAPEX_SOURCE_UNAVAILABLE
TECHM,2022-03,5285.0,480.0,-4667.0,1098.0,44646.0,5630.0,,,,CAPEX_SOURCE_UNAVAILABLE
TECHM,2023-03,5572.0,-226.0,-5078.0,267.0,53290.0,4857.0,,,,CAPEX_SOURCE_UNAVAILABLE
TECHM,2024-03,6376.0,-1318.0,-4767.0,291.0,51996.0,2397.0,,,,CAPEX_SOURCE_UNAVAILABLE
TITAN,2013-03,553.0,-142.0,-236.0,176.0,10123.0,725.0,,,,CAPEX_SOURCE_UNAVAILABLE
TITAN,2014-03,-555.0,-271.0,497.0,-329.0,10927.0,735.0,,,,CAPEX_SOURCE_UNAVAILABLE
TITAN,2015-03,503.0,-118.0,-1005.0,-620.0,11913.0,816.0,,,,CAPEX_SOURCE_UNAVAILABLE
TITAN,2016-03,576.0,-159.0,-505.0,-88.0,11276.0,675.0,,,,CAPEX_SOURCE_UNAVAILABLE
TITAN,2017-03,1712.0,-953.0,-166.0,594.0,13261.0,697.0,,,,CAPEX_SOURCE_UNAVAILABLE
TITAN,2018-03,-51.0,98.0,-252.0,-206.0,16120.0,1102.0,,,,CAPEX_SOURCE_UNAVAILABLE
TITAN,2019-03,1243.0,-797.0,-489.0,-43.0,19779.0,1389.0,,,,CAPEX_SOURCE_UNAVAILABLE
TITAN,2020-03,-348.0,235.0,-242.0,-355.0,21052.0,1493.0,,,,CAPEX_SOURCE_UNAVAILABLE
TITAN,2021-03,4139.0,-2799.0,-1234.0,106.0,21644.0,974.0,,,,CAPEX_SOURCE_UNAVAILABLE
TITAN,2022-03,-724.0,1165.0,-403.0,38.0,28799.0,2198.0,,,,CAPEX_SOURCE_UNAVAILABLE
TITAN,2023-03,1370.0,-1814.0,457.0,13.0,40575.0,3274.0,,,,CAPEX_SOURCE_UNAVAILABLE
TITAN,2024-03,1695.0,-189.0,-1329.0,177.0,51084.0,3496.0,,,,CAPEX_SOURCE_UNAVAILABLE
TORNTPHARM,2013-03,153.0,-247.0,20.0,-73.0,3203.0,435.0,,,,CAPEX_SOURCE_UNAVAILABLE
TORNTPHARM,2014-03,599.0,-418.0,86.0,268.0,4172.0,664.0,,,,CAPEX_SOURCE_UNAVAILABLE
TORNTPHARM,2015-03,810.0,-2113.0,1212.0,-90.0,4636.0,751.0,,,,CAPEX_SOURCE_UNAVAILABLE
TORNTPHARM,2016-03,2742.0,-869.0,-1435.0,437.0,6687.0,1733.0,,,,CAPEX_SOURCE_UNAVAILABLE
TORNTPHARM,2017-03,1009.0,-798.0,-193.0,18.0,5816.0,934.0,,,,CAPEX_SOURCE_UNAVAILABLE
TORNTPHARM,2018-03,894.0,-4677.0,3417.0,-366.0,5950.0,678.0,,,,CAPEX_SOURCE_UNAVAILABLE
TORNTPHARM,2019-03,1798.0,-246.0,-1314.0,238.0,7673.0,436.0,,,,CAPEX_SOURCE_UNAVAILABLE
TORNTPHARM,2020-03,1393.0,229.0,-1549.0,73.0,7939.0,1025.0,,,,CAPEX_SOURCE_UNAVAILABLE
TORNTPHARM,2021-03,2005.0,-444.0,-1651.0,-89.0,8005.0,1252.0,,,,CAPEX_SOURCE_UNAVAILABLE
TORNTPHARM,2022-03,1803.0,-196.0,-1781.0,-174.0,8508.0,777.0,,,,CAPEX_SOURCE_UNAVAILABLE
TORNTPHARM,2023-03,2368.0,-2335.0,77.0,110.0,9620.0,1245.0,,,,CAPEX_SOURCE_UNAVAILABLE
TORNTPHARM,2024-03,3266.0,-160.0,-2780.0,327.0,10728.0,1656.0,,,,CAPEX_SOURCE_UNAVAILABLE
TRENT,2013-03,31.0,-276.0,147.0,-97.0,2132.0,-27.0,,,,CAPEX_SOURCE_UNAVAILABLE
TRENT,2014-03,-46.0,-48.0,-50.0,-145.0,2333.0,-19.0,,,,CAPEX_SOURCE_UNAVAILABLE
TRENT,2015-03,-10.0,-306.0,310.0,-6.0,2284.0,129.0,,,,CAPEX_SOURCE_UNAVAILABLE
TRENT,2016-03,109.0,-98.0,-13.0,-2.0,1686.0,55.0,,,,CAPEX_SOURCE_UNAVAILABLE
TRENT,2017-03,102.0,-44.0,-51.0,7.0,1812.0,85.0,,,,CAPEX_SOURCE_UNAVAILABLE
TRENT,2018-03,77.0,-4.0,-74.0,-1.0,2157.0,87.0,,,,CAPEX_SOURCE_UNAVAILABLE
TRENT,2019-03,21.0,-37.0,37.0,21.0,2630.0,95.0,,,,CAPEX_SOURCE_UNAVAILABLE
TRENT,2020-03,361.0,-809.0,452.0,5.0,3486.0,106.0,,,,CAPEX_SOURCE_UNAVAILABLE
TRENT,2021-03,285.0,18.0,-283.0,20.0,2593.0,-181.0,,,,CAPEX_SOURCE_UNAVAILABLE
TRENT,2022-03,58.0,56.0,-108.0,6.0,4498.0,35.0,,,,CAPEX_SOURCE_UNAVAILABLE
TRENT,2023-03,595.0,-103.0,-491.0,1.0,8242.0,394.0,,,,CAPEX_SOURCE_UNAVAILABLE
TRENT,2024-03,1349.0,-508.0,-629.0,211.0,12375.0,1477.0,,,,CAPEX_SOURCE_UNAVAILABLE
TVSMOTOR,2013-03,464.0,-120.0,-402.0,-58.0,7510.0,198.0,,,,CAPEX_SOURCE_UNAVAILABLE
TVSMOTOR,2014-03,470.0,-235.0,-216.0,19.0,8384.0,187.0,,,,CAPEX_SOURCE_UNAVAILABLE
TVSMOTOR,2015-03,83.0,-415.0,261.0,-71.0,10256.0,328.0,,,,CAPEX_SOURCE_UNAVAILABLE
TVSMOTOR,2016-03,936.0,-605.0,-319.0,12.0,11377.0,429.0,,,,CAPEX_SOURCE_UNAVAILABLE
TVSMOTOR,2017-03,689.0,-709.0,-59.0,-79.0,12463.0,509.0,,,,CAPEX_SOURCE_UNAVAILABLE
TVSMOTOR,2018-03,354.0,-1095.0,897.0,156.0,16340.0,665.0,,,,CAPEX_SOURCE_UNAVAILABLE
TVSMOTOR,2019-03,-918.0,-1104.0,2210.0,188.0,20160.0,725.0,,,,CAPEX_SOURCE_UNAVAILABLE
TVSMOTOR,2020-03,373.0,-1090.0,1619.0,902.0,18849.0,647.0,,,,CAPEX_SOURCE_UNAVAILABLE
TVSMOTOR,2021-03,1151.0,-882.0,264.0,532.0,19421.0,608.0,,,,CAPEX_SOURCE_UNAVAILABLE
TVSMOTOR,2022-03,-1575.0,-1471.0,2918.0,532.0,24355.0,731.0,,,,CAPEX_SOURCE_UNAVAILABLE
TVSMOTOR,2023-03,-4405.0,-1308.0,6118.0,406.0,31974.0,1309.0,,,,CAPEX_SOURCE_UNAVAILABLE
TVSMOTOR,2024-03,-1253.0,-1001.0,2759.0,505.0,39145.0,1779.0,,,,CAPEX_SOURCE_UNAVAILABLE
