company_id,latest_year,observations_used,latest_cfo,latest_investing_cf,latest_financing_cf,latest_net_cash_flow,positive_cfo_years,investing_outflow_years,positive_financing_years,positive_net_cash_years,allocation_class,allocation_explanation,capex_intensity_pct,capex_status
ABB,2024-03,5,6038.0,-4943.0,-543.0,551.0,5,5,2,3,INTERNALLY_FUNDED_INVESTMENT,Positive operating cash flow supports investing outflows without positive external financing.,,CAPEX_SOURCE_UNAVAILABLE
ADANIENSOL,2024-03,5,6038.0,-4943.0,-543.0,551.0,5,5,2,3,INTERNALLY_FUNDED_INVESTMENT,Positive operating cash flow supports investing outflows without positive external financing.,,CAPEX_SOURCE_UNAVAILABLE
ADANIENT,2024-03,5,10312.0,-18767.0,8879.0,424.0,5,5,3,4,EXTERNALLY_FUNDED_INVESTMENT,Investing outflows occur alongside positive financing cash flow.,,CAPEX_SOURCE_UNAVAILABLE
ADANIGREEN,2024-03,5,7713.0,-21060.0,13953.0,606.0,5,5,4,4,EXTERNALLY_FUNDED_INVESTMENT,Investing outflows occur alongside positive financing cash flow.,,CAPEX_SOURCE_UNAVAILABLE
ADANIPORTS,2024-03,5,15018.0,-6768.0,-7800.0,450.0,5,5,1,3,INTERNALLY_FUNDED_INVESTMENT,Positive operating cash flow supports investing outflows without positive external financing.,,CAPEX_SOURCE_UNAVAILABLE
ADANIPOWER,2024-03,5,14170.0,3481.0,-16864.0,787.0,5,2,0,3,CASH_ACCUMULATION,Positive operating cash flow contributes to an increase in net cash.,,CAPEX_SOURCE_UNAVAILABLE
AMBUJACEM,2024-03,5,5646.0,-8941.0,5689.0,2394.0,5,5,2,3,EXTERNALLY_FUNDED_INVESTMENT,Investing outflows occur alongside positive financing cash flow.,,CAPEX_SOURCE_UNAVAILABLE
APOLLOHOSP,2024-03,5,1920.0,-1537.0,-311.0,72.0,5,5,0,4,INTERNALLY_FUNDED_INVESTMENT,Positive operating cash flow supports investing outflows without positive external financing.,,CAPEX_SOURCE_UNAVAILABLE
ASIANPAINT,2024-03,5,6104.0,-2548.0,-2982.0,573.0,5,5,0,3,INTERNALLY_FUNDED_INVESTMENT,Positive operating cash flow supports investing outflows without positive external financing.,,CAPEX_SOURCE_UNAVAILABLE
AXISBANK,2024-03,5,-5555.0,-9001.0,22341.0,7785.0,4,5,5,3,EXTERNALLY_FUNDED_INVESTMENT,Investing outflows occur alongside positive financing cash flow.,,CAPEX_SOURCE_UNAVAILABLE
BAJAJ-AUTO,2024-03,5,6558.0,-72.0,-6167.0,319.0,5,2,0,3,INTERNALLY_FUNDED_INVESTMENT,Positive operating cash flow supports investing outflows without positive external financing.,,CAPEX_SOURCE_UNAVAILABLE
BAJAJFINSV,2024-03,5,-68674.0,-10960.0,82709.0,3075.0,1,4,5,4,EXTERNALLY_FUNDED_INVESTMENT,Investing outflows occur alongside positive financing cash flow.,,CAPEX_SOURCE_UNAVAILABLE
BAJAJHLDNG,2024-03,5,1941.0,-472.0,-1455.0,14.0,5,5,0,3,INTERNALLY_FUNDED_INVESTMENT,Positive operating cash flow supports investing outflows without positive external financing.,,CAPEX_SOURCE_UNAVAILABLE
BAJFINANCE,2024-03,5,-72760.0,-7171.0,82415.0,2484.0,0,4,5,4,EXTERNALLY_FUNDED_INVESTMENT,Investing outflows occur alongside positive financing cash flow.,,CAPEX_SOURCE_UNAVAILABLE
BANKBARODA,2024-03,5,-6274.0,-1285.0,5476.0,-2084.0,2,5,2,2,EXTERNALLY_FUNDED_INVESTMENT,Investing outflows occur alongside positive financing cash flow.,,CAPEX_SOURCE_UNAVAILABLE
BEL,2024-03,5,4659.0,-5924.0,-1475.0,-2739.0,5,4,0,3,INTERNALLY_FUNDED_INVESTMENT,Positive operating cash flow supports investing outflows without positive external financing.,,CAPEX_SOURCE_UNAVAILABLE
BHARTIARTL,2024-03,5,78898.0,-51089.0,-27778.0,31.0,5,5,1,3,INTERNALLY_FUNDED_INVESTMENT,Positive operating cash flow supports investing outflows without positive external financing.,,CAPEX_SOURCE_UNAVAILABLE
BHEL,2024-03,5,-3713.0,1331.0,2656.0,274.0,2,2,3,4,FINANCING_DEPENDENT,Weak or negative operating cash flow coincides with positive financing cash flow.,,CAPEX_SOURCE_UNAVAILABLE
BOSCHLTD,2024-03,5,1253.0,283.0,-1452.0,84.0,5,3,0,4,CASH_ACCUMULATION,Positive operating cash flow contributes to an increase in net cash.,,CAPEX_SOURCE_UNAVAILABLE
BPCL,2024-03,5,35936.0,-10521.0,-25427.0,-12.0,5,5,1,3,INTERNALLY_FUNDED_INVESTMENT,Positive operating cash flow supports investing outflows without positive external financing.,,CAPEX_SOURCE_UNAVAILABLE
BRITANNIA,2024-03,5,2573.0,477.0,-2830.0,219.0,5,2,1,3,CASH_ACCUMULATION,Positive operating cash flow contributes to an increase in net cash.,,CAPEX_SOURCE_UNAVAILABLE
CANBK,2024-03,5,15046.0,-1750.0,-3834.0,9462.0,3,5,4,4,INTERNALLY_FUNDED_INVESTMENT,Positive operating cash flow supports investing outflows without positive external financing.,,CAPEX_SOURCE_UNAVAILABLE
CHOLAFIN,2024-03,5,-35683.0,-2855.0,38471.0,-66.0,0,4,5,2,EXTERNALLY_FUNDED_INVESTMENT,Investing outflows occur alongside positive financing cash flow.,,CAPEX_SOURCE_UNAVAILABLE
CIPLA,2024-03,5,4134.0,-2982.0,-1200.0,-49.0,5,4,0,2,INTERNALLY_FUNDED_INVESTMENT,Positive operating cash flow supports investing outflows without positive external financing.,,CAPEX_SOURCE_UNAVAILABLE
COALINDIA,2024-03,5,18103.0,-4486.0,-13899.0,-282.0,5,3,0,3,INTERNALLY_FUNDED_INVESTMENT,Positive operating cash flow supports investing outflows without positive external financing.,,CAPEX_SOURCE_UNAVAILABLE
DABUR,2024-03,5,2013.0,-971.0,-1161.0,-119.0,5,5,0,3,INTERNALLY_FUNDED_INVESTMENT,Positive operating cash flow supports investing outflows without positive external financing.,,CAPEX_SOURCE_UNAVAILABLE
DIVISLAB,2024-03,5,1261.0,-269.0,-799.0,193.0,5,4,0,3,INTERNALLY_FUNDED_INVESTMENT,Positive operating cash flow supports investing outflows without positive external financing.,,CAPEX_SOURCE_UNAVAILABLE
DLF,2024-03,5,2539.0,-1529.0,177.0,1186.0,5,2,1,1,EXTERNALLY_FUNDED_INVESTMENT,Investing outflows occur alongside positive financing cash flow.,,CAPEX_SOURCE_UNAVAILABLE
DMART,2024-03,5,2746.0,-2468.0,-148.0,130.0,5,5,1,3,INTERNALLY_FUNDED_INVESTMENT,Positive operating cash flow supports investing outflows without positive external financing.,,CAPEX_SOURCE_UNAVAILABLE
DRREDDY,2024-03,5,4543.0,-4034.0,-376.0,133.0,5,5,0,3,INTERNALLY_FUNDED_INVESTMENT,Positive operating cash flow supports investing outflows without positive external financing.,,CAPEX_SOURCE_UNAVAILABLE
EICHERMOT,2024-03,5,3724.0,-2834.0,-844.0,45.0,5,5,0,3,INTERNALLY_FUNDED_INVESTMENT,Positive operating cash flow supports investing outflows without positive external financing.,,CAPEX_SOURCE_UNAVAILABLE
GAIL,2024-03,5,12586.0,-8226.0,-3457.0,902.0,5,5,2,4,INTERNALLY_FUNDED_INVESTMENT,Positive operating cash flow supports investing outflows without positive external financing.,,CAPEX_SOURCE_UNAVAILABLE
GODREJCP,2024-03,5,2070.0,-3435.0,1406.0,41.0,5,5,1,2,EXTERNALLY_FUNDED_INVESTMENT,Investing outflows occur alongside positive financing cash flow.,,CAPEX_SOURCE_UNAVAILABLE
GRASIM,2024-03,5,-10719.0,-23114.0,33908.0,75.0,3,5,2,3,EXTERNALLY_FUNDED_INVESTMENT,Investing outflows occur alongside positive financing cash flow.,,CAPEX_SOURCE_UNAVAILABLE
HAL,2024-03,5,8226.0,-6412.0,-1999.0,-185.0,5,5,1,3,INTERNALLY_FUNDED_INVESTMENT,Positive operating cash flow supports investing outflows without positive external financing.,,CAPEX_SOURCE_UNAVAILABLE
HAVELLS,2024-03,5,1953.0,-1618.0,-534.0,-199.0,5,4,1,2,INTERNALLY_FUNDED_INVESTMENT,Positive operating cash flow supports investing outflows without positive external financing.,,CAPEX_SOURCE_UNAVAILABLE
HCLTECH,2024-03,5,22448.0,-6608.0,-15464.0,376.0,5,4,0,3,INTERNALLY_FUNDED_INVESTMENT,Positive operating cash flow supports investing outflows without positive external financing.,,CAPEX_SOURCE_UNAVAILABLE
HDFCBANK,2024-03,5,19069.0,16600.0,-3983.0,31687.0,3,4,3,5,CASH_ACCUMULATION,Positive operating cash flow contributes to an increase in net cash.,,CAPEX_SOURCE_UNAVAILABLE
HDFCLIFE,2024-03,5,10721.0,-13614.0,-403.0,-3296.0,5,5,3,2,INTERNALLY_FUNDED_INVESTMENT,Positive operating cash flow supports investing outflows without positive external financing.,,CAPEX_SOURCE_UNAVAILABLE
HEROMOTOCO,2024-03,5,4923.0,-1828.0,-2717.0,379.0,5,5,0,3,INTERNALLY_FUNDED_INVESTMENT,Positive operating cash flow supports investing outflows without positive external financing.,,CAPEX_SOURCE_UNAVAILABLE
HINDALCO,2024-03,5,24056.0,-14267.0,-10817.0,-1028.0,5,5,1,3,INTERNALLY_FUNDED_INVESTMENT,Positive operating cash flow supports investing outflows without positive external financing.,,CAPEX_SOURCE_UNAVAILABLE
HINDUNILVR,2024-03,5,15469.0,-5324.0,-10034.0,111.0,5,4,0,2,INTERNALLY_FUNDED_INVESTMENT,Positive operating cash flow supports investing outflows without positive external financing.,,CAPEX_SOURCE_UNAVAILABLE
ICICIBANK,2024-03,5,157284.0,-144737.0,13765.0,26312.0,4,5,4,4,EXTERNALLY_FUNDED_INVESTMENT,Investing outflows occur alongside positive financing cash flow.,,CAPEX_SOURCE_UNAVAILABLE
ICICIGI,2024-03,5,2407.0,-1921.0,-355.0,131.0,5,4,0,3,INTERNALLY_FUNDED_INVESTMENT,Positive operating cash flow supports investing outflows without positive external financing.,,CAPEX_SOURCE_UNAVAILABLE
ICICIPRULI,2024-03,5,-7315.0,7420.0,-88.0,17.0,4,4,1,3,INVESTING_INFLOW,Positive investing cash flow indicates net investing inflows; source-level review is required to determine the transactions.,,CAPEX_SOURCE_UNAVAILABLE
INDIGO,2024-03,5,21183.0,-11759.0,-9979.0,-555.0,4,3,0,2,INTERNALLY_FUNDED_INVESTMENT,Positive operating cash flow supports investing outflows without positive external financing.,,CAPEX_SOURCE_UNAVAILABLE
INDUSINDBK,2024-03,5,-16843.0,-625.0,-2242.0,-19710.0,2,4,2,3,MIXED,Cash-flow pattern does not fit one dominant capital-allocation category.,,CAPEX_SOURCE_UNAVAILABLE
INFY,2024-03,5,25210.0,-5093.0,-17504.0,2613.0,5,5,0,2,INTERNALLY_FUNDED_INVESTMENT,Positive operating cash flow supports investing outflows without positive external financing.,,CAPEX_SOURCE_UNAVAILABLE
IOC,2024-03,5,71099.0,-31464.0,-39385.0,250.0,5,5,1,3,INTERNALLY_FUNDED_INVESTMENT,Positive operating cash flow supports investing outflows without positive external financing.,,CAPEX_SOURCE_UNAVAILABLE
IRCTC,2024-03,5,882.0,-215.0,-404.0,262.0,5,4,0,4,INTERNALLY_FUNDED_INVESTMENT,Positive operating cash flow supports investing outflows without positive external financing.,,CAPEX_SOURCE_UNAVAILABLE
IRFC,2024-03,5,7914.0,-8.0,-8046.0,-140.0,1,2,4,2,INTERNALLY_FUNDED_INVESTMENT,Positive operating cash flow supports investing outflows without positive external financing.,,CAPEX_SOURCE_UNAVAILABLE
ITC,2024-03,5,17179.0,1563.0,-18551.0,191.0,5,3,0,3,CASH_ACCUMULATION,Positive operating cash flow contributes to an increase in net cash.,,CAPEX_SOURCE_UNAVAILABLE
JINDALSTEL,2024-03,5,6008.0,-8344.0,1381.0,-955.0,5,5,1,3,EXTERNALLY_FUNDED_INVESTMENT,Investing outflows occur alongside positive financing cash flow.,,CAPEX_SOURCE_UNAVAILABLE
JIOFIN,2024-03,2,-678.0,1441.0,-753.0,11.0,1,1,0,2,INVESTING_INFLOW,Positive investing cash flow indicates net investing inflows; source-level review is required to determine the transactions.,,CAPEX_SOURCE_UNAVAILABLE
JSWENERGY,2024-03,5,6234.0,-8197.0,1675.0,-289.0,5,4,2,4,EXTERNALLY_FUNDED_INVESTMENT,Investing outflows occur alongside positive financing cash flow.,,CAPEX_SOURCE_UNAVAILABLE
JSWSTEEL,2024-03,5,12078.0,-14467.0,-5005.0,-7394.0,5,5,1,2,INTERNALLY_FUNDED_INVESTMENT,Positive operating cash flow supports investing outflows without positive external financing.,,CAPEX_SOURCE_UNAVAILABLE
KOTAKBANK,2024-03,5,15685.0,-8919.0,15515.0,22281.0,4,5,3,3,EXTERNALLY_FUNDED_INVESTMENT,Investing outflows occur alongside positive financing cash flow.,,CAPEX_SOURCE_UNAVAILABLE
LICI,2024-03,5,26122.0,-25269.0,-4427.0,-3574.0,4,3,0,2,INTERNALLY_FUNDED_INVESTMENT,Positive operating cash flow supports investing outflows without positive external financing.,,CAPEX_SOURCE_UNAVAILABLE
LODHA,2024-03,5,2512.0,-2947.0,951.0,516.0,5,1,1,4,EXTERNALLY_FUNDED_INVESTMENT,Investing outflows occur alongside positive financing cash flow.,,CAPEX_SOURCE_UNAVAILABLE
LT,2024-03,5,18266.0,2179.0,-25413.0,-4968.0,5,4,1,4,INVESTING_INFLOW,Positive investing cash flow indicates net investing inflows; source-level review is required to determine the transactions.,,CAPEX_SOURCE_UNAVAILABLE
LTIM,2024-03,5,5670.0,-3918.0,-2269.0,-518.0,5,5,0,3,INTERNALLY_FUNDED_INVESTMENT,Positive operating cash flow supports investing outflows without positive external financing.,,CAPEX_SOURCE_UNAVAILABLE
M&M,2024-03,5,-5630.0,-5615.0,12281.0,1037.0,2,5,4,3,EXTERNALLY_FUNDED_INVESTMENT,Investing outflows occur alongside positive financing cash flow.,,CAPEX_SOURCE_UNAVAILABLE
MARUTI,2024-03,5,16801.0,-11865.0,-4062.0,874.0,5,5,0,3,INTERNALLY_FUNDED_INVESTMENT,Positive operating cash flow supports investing outflows without positive external financing.,,CAPEX_SOURCE_UNAVAILABLE
MOTHERSON,2024-03,5,7569.0,-6644.0,1281.0,2205.0,5,5,1,3,EXTERNALLY_FUNDED_INVESTMENT,Investing outflows occur alongside positive financing cash flow.,,CAPEX_SOURCE_UNAVAILABLE
NAUKRI,2024-03,5,702.0,-852.0,120.0,-29.0,5,4,4,3,EXTERNALLY_FUNDED_INVESTMENT,Investing outflows occur alongside positive financing cash flow.,,CAPEX_SOURCE_UNAVAILABLE
NESTLEIND,2024-03,5,4175.0,-1237.0,-3135.0,-198.0,5,5,0,3,INTERNALLY_FUNDED_INVESTMENT,Positive operating cash flow supports investing outflows without positive external financing.,,CAPEX_SOURCE_UNAVAILABLE
NHPC,2024-03,5,6938.0,-5968.0,-581.0,388.0,5,5,1,4,INTERNALLY_FUNDED_INVESTMENT,Positive operating cash flow supports investing outflows without positive external financing.,,CAPEX_SOURCE_UNAVAILABLE
NTPC,2024-03,5,40785.0,-32141.0,-8246.0,398.0,5,5,1,3,INTERNALLY_FUNDED_INVESTMENT,Positive operating cash flow supports investing outflows without positive external financing.,,CAPEX_SOURCE_UNAVAILABLE
ONGC,2024-03,5,99263.0,-57203.0,-45650.0,-3591.0,5,5,0,2,INTERNALLY_FUNDED_INVESTMENT,Positive operating cash flow supports investing outflows without positive external financing.,,CAPEX_SOURCE_UNAVAILABLE
PFC,2024-03,5,-97820.0,-3409.0,101261.0,32.0,1,4,4,3,EXTERNALLY_FUNDED_INVESTMENT,Investing outflows occur alongside positive financing cash flow.,,CAPEX_SOURCE_UNAVAILABLE
PIDILITIND,2024-03,5,2724.0,-1769.0,-742.0,212.0,5,4,0,3,INTERNALLY_FUNDED_INVESTMENT,Positive operating cash flow supports investing outflows without positive external financing.,,CAPEX_SOURCE_UNAVAILABLE
PNB,2024-03,5,-27939.0,-1506.0,3518.0,-25928.0,3,5,5,4,EXTERNALLY_FUNDED_INVESTMENT,Investing outflows occur alongside positive financing cash flow.,,CAPEX_SOURCE_UNAVAILABLE
POWERGRID,2024-03,5,37290.0,-13114.0,-25903.0,-1728.0,5,4,0,2,INTERNALLY_FUNDED_INVESTMENT,Positive operating cash flow supports investing outflows without positive external financing.,,CAPEX_SOURCE_UNAVAILABLE
RECLTD,2024-03,5,-57723.0,-1831.0,59588.0,34.0,0,3,5,2,EXTERNALLY_FUNDED_INVESTMENT,Investing outflows occur alongside positive financing cash flow.,,CAPEX_SOURCE_UNAVAILABLE
RELIANCE,2024-03,5,158788.0,-113581.0,-16646.0,28561.0,5,5,3,4,INTERNALLY_FUNDED_INVESTMENT,Positive operating cash flow supports investing outflows without positive external financing.,,CAPEX_SOURCE_UNAVAILABLE
SBILIFE,2024-03,5,29122.0,-31221.0,-227.0,-2327.0,5,5,1,3,INTERNALLY_FUNDED_INVESTMENT,Positive operating cash flow supports investing outflows without positive external financing.,,CAPEX_SOURCE_UNAVAILABLE
SBIN,2024-03,5,21632.0,-3476.0,-9896.0,8260.0,4,5,3,4,INTERNALLY_FUNDED_INVESTMENT,Positive operating cash flow supports investing outflows without positive external financing.,,CAPEX_SOURCE_UNAVAILABLE
SHREECEM,2024-03,5,3347.0,-1418.0,-1710.0,220.0,5,5,1,2,INTERNALLY_FUNDED_INVESTMENT,Positive operating cash flow supports investing outflows without positive external financing.,,CAPEX_SOURCE_UNAVAILABLE
SHRIRAMFIN,2024-03,5,-31101.0,-258.0,27609.0,-3750.0,0,4,5,2,EXTERNALLY_FUNDED_INVESTMENT,Investing outflows occur alongside positive financing cash flow.,,CAPEX_SOURCE_UNAVAILABLE
SIEMENS,2024-09,5,1670.0,-502.0,-523.0,644.0,5,4,0,4,INTERNALLY_FUNDED_INVESTMENT,Positive operating cash flow supports investing outflows without positive external financing.,,CAPEX_SOURCE_UNAVAILABLE
SUNPHARMA,2024-03,5,12135.0,-763.0,-6710.0,4662.0,5,4,1,3,INTERNALLY_FUNDED_INVESTMENT,Positive operating cash flow supports investing outflows without positive external financing.,,CAPEX_SOURCE_UNAVAILABLE
TATACONSUM,2024-03,5,1937.0,-1911.0,256.0,281.0,5,5,1,3,EXTERNALLY_FUNDED_INVESTMENT,Investing outflows occur alongside positive financing cash flow.,,CAPEX_SOURCE_UNAVAILABLE
TATAMOTORS,2024-03,5,67915.0,-22782.0,-37006.0,8128.0,5,5,2,3,INTERNALLY_FUNDED_INVESTMENT,Positive operating cash flow supports investing outflows without positive external financing.,,CAPEX_SOURCE_UNAVAILABLE
TATAPOWER,2024-03,5,12596.0,-9027.0,-4497.0,-928.0,5,4,1,3,INTERNALLY_FUNDED_INVESTMENT,Positive operating cash flow supports investing outflows without positive external financing.,,CAPEX_SOURCE_UNAVAILABLE
TATASTEEL,2024-03,5,20301.0,-14253.0,-11097.0,-5049.0,5,5,0,2,INTERNALLY_FUNDED_INVESTMENT,Positive operating cash flow supports investing outflows without positive external financing.,,CAPEX_SOURCE_UNAVAILABLE
TCS,2024-03,5,44338.0,6091.0,-48536.0,1893.0,5,2,0,3,CASH_ACCUMULATION,Positive operating cash flow contributes to an increase in net cash.,,CAPEX_SOURCE_UNAVAILABLE
TECHM,2024-03,5,6376.0,-1318.0,-4767.0,291.0,5,3,0,4,INTERNALLY_FUNDED_INVESTMENT,Positive operating cash flow supports investing outflows without positive external financing.,,CAPEX_SOURCE_UNAVAILABLE
TITAN,2024-03,5,1695.0,-189.0,-1329.0,177.0,3,3,1,4,INTERNALLY_FUNDED_INVESTMENT,Positive operating cash flow supports investing outflows without positive external financing.,,CAPEX_SOURCE_UNAVAILABLE
TORNTPHARM,2024-03,5,3266.0,-160.0,-2780.0,327.0,5,4,1,3,INTERNALLY_FUNDED_INVESTMENT,Positive operating cash flow supports investing outflows without positive external financing.,,CAPEX_SOURCE_UNAVAILABLE
TRENT,2024-03,5,1349.0,-508.0,-629.0,211.0,5,3,1,5,INTERNALLY_FUNDED_INVESTMENT,Positive operating cash flow supports investing outflows without positive external financing.,,CAPEX_SOURCE_UNAVAILABLE
TVSMOTOR,2024-03,5,-1253.0,-1001.0,2759.0,505.0,2,5,5,5,EXTERNALLY_FUNDED_INVESTMENT,Investing outflows occur alongside positive financing cash flow.,,CAPEX_SOURCE_UNAVAILABLE
