company_id,observations_used,negative_cfo_count,repeated_negative_cfo,cfo_below_pat_count,persistent_cfo_below_pat,declining_cfo_steps,declining_cfo_trend,latest_cfo,negative_latest_cfo,positive_financing_years,financing_dependence,distress_score,distress_level
ABB,5,0,False,0,False,2,False,6038.0,False,2,False,0,NONE
ADANIENSOL,5,0,False,0,False,2,False,6038.0,False,2,False,0,NONE
ADANIENT,5,0,False,0,False,2,False,10312.0,False,3,True,1,LOW
ADANIGREEN,5,0,False,0,False,1,False,7713.0,False,4,True,1,LOW
ADANIPORTS,5,0,False,0,False,0,False,15018.0,False,1,False,0,NONE
ADANIPOWER,5,0,False,2,False,1,False,14170.0,False,0,False,0,NONE
AMBUJACEM,5,0,False,0,False,1,False,5646.0,False,2,False,0,NONE
APOLLOHOSP,5,0,False,0,False,2,False,1920.0,False,0,False,0,NONE
ASIANPAINT,5,0,False,2,False,1,False,6104.0,False,0,False,0,NONE
AXISBANK,5,1,False,1,False,3,True,-5555.0,True,5,True,4,MODERATE
BAJAJ-AUTO,5,0,False,5,True,1,False,6558.0,False,0,False,2,LOW
BAJAJFINSV,5,4,True,5,True,3,True,-68674.0,True,5,True,8,HIGH
BAJAJHLDNG,5,0,False,5,True,1,False,1941.0,False,0,False,2,LOW
BAJFINANCE,5,5,True,5,True,3,True,-72760.0,True,5,True,8,HIGH
BANKBARODA,5,3,True,4,True,2,False,-6274.0,True,2,False,6,HIGH
BEL,5,0,False,1,False,2,False,4659.0,False,0,False,0,NONE
BHARTIARTL,5,0,False,0,False,0,False,78898.0,False,1,False,0,NONE
BHEL,5,3,True,2,False,2,False,-3713.0,True,3,True,5,HIGH
BOSCHLTD,5,0,False,3,True,2,False,1253.0,False,0,False,2,LOW
BPCL,5,0,False,0,False,2,False,35936.0,False,1,False,0,NONE
BRITANNIA,5,0,False,1,False,1,False,2573.0,False,1,False,0,NONE
CANBK,5,2,True,3,True,2,False,15046.0,False,4,True,5,HIGH
CHOLAFIN,5,5,True,5,True,3,True,-35683.0,True,5,True,8,HIGH
CIPLA,5,0,False,1,False,2,False,4134.0,False,0,False,0,NONE
COALINDIA,5,0,False,3,True,2,False,18103.0,False,0,False,2,LOW
DABUR,5,0,False,1,False,2,False,2013.0,False,0,False,0,NONE
DIVISLAB,5,0,False,4,True,2,False,1261.0,False,0,False,2,LOW
DLF,5,0,False,1,False,1,False,2539.0,False,1,False,0,NONE
DMART,5,0,False,2,False,1,False,2746.0,False,1,False,0,NONE
DRREDDY,5,0,False,1,False,2,False,4543.0,False,0,False,0,NONE
EICHERMOT,5,0,False,4,True,2,False,3724.0,False,0,False,2,LOW
GAIL,5,0,False,3,True,1,False,12586.0,False,2,False,2,LOW
GODREJCP,5,0,False,1,False,2,False,2070.0,False,1,False,0,NONE
GRASIM,5,2,True,3,True,3,True,-10719.0,True,2,False,7,HIGH
HAL,5,0,False,1,False,3,True,8226.0,False,1,False,1,LOW
HAVELLS,5,0,False,2,False,2,False,1953.0,False,1,False,0,NONE
HCLTECH,5,0,False,0,False,1,False,22448.0,False,0,False,0,NONE
HDFCBANK,5,2,True,4,True,2,False,19069.0,False,3,True,5,HIGH
HDFCLIFE,5,0,False,0,False,1,False,10721.0,False,3,True,1,LOW
HEROMOTOCO,5,0,False,2,False,2,False,4923.0,False,0,False,0,NONE
HINDALCO,5,0,False,0,False,1,False,24056.0,False,1,False,0,NONE
HINDUNILVR,5,0,False,1,False,1,False,15469.0,False,0,False,0,NONE
ICICIBANK,5,1,False,1,False,2,False,157284.0,False,4,True,1,LOW
ICICIGI,5,0,False,1,False,2,False,2407.0,False,0,False,0,NONE
ICICIPRULI,5,1,False,2,False,4,True,-7315.0,True,1,False,3,MODERATE
INDIGO,5,1,False,0,False,1,False,21183.0,False,0,False,0,NONE
INDUSINDBK,5,3,True,3,True,3,True,-16843.0,True,2,False,7,HIGH
INFY,5,0,False,2,False,1,False,25210.0,False,0,False,0,NONE
IOC,5,0,False,0,False,1,False,71099.0,False,1,False,0,NONE
IRCTC,5,0,False,4,True,1,False,882.0,False,0,False,2,LOW
IRFC,5,4,True,4,True,1,False,7914.0,False,4,True,5,HIGH
ITC,5,0,False,4,True,2,False,17179.0,False,0,False,2,LOW
JINDALSTEL,5,0,False,0,False,2,False,6008.0,False,1,False,0,NONE
JIOFIN,2,1,False,1,False,0,False,-678.0,True,0,False,2,LOW
JSWENERGY,5,0,False,0,False,2,False,6234.0,False,2,False,0,NONE
JSWSTEEL,5,0,False,0,False,2,False,12078.0,False,1,False,0,NONE
KOTAKBANK,5,1,False,4,True,2,False,15685.0,False,3,True,3,MODERATE
LICI,5,1,False,2,False,2,False,26122.0,False,0,False,0,NONE
LODHA,5,0,False,0,False,3,True,2512.0,False,1,False,1,LOW
LT,5,0,False,1,False,2,False,18266.0,False,1,False,0,NONE
LTIM,5,0,False,2,False,1,False,5670.0,False,0,False,0,NONE
M&M,5,3,True,2,False,2,False,-5630.0,True,4,True,5,HIGH
MARUTI,5,0,False,2,False,1,False,16801.0,False,0,False,0,NONE
MOTHERSON,5,0,False,0,False,2,False,7569.0,False,1,False,0,NONE
NAUKRI,5,0,False,2,False,2,False,702.0,False,4,True,1,LOW
NESTLEIND,5,0,False,0,False,1,False,4175.0,False,0,False,0,NONE
NHPC,5,0,False,1,False,1,False,6938.0,False,1,False,0,NONE
NTPC,5,0,False,0,False,1,False,40785.0,False,1,False,0,NONE
ONGC,5,0,False,0,False,1,False,99263.0,False,0,False,0,NONE
PFC,5,4,True,5,True,3,True,-97820.0,True,4,True,8,HIGH
PIDILITIND,5,0,False,1,False,1,False,2724.0,False,0,False,0,NONE
PNB,5,2,True,2,False,2,False,-27939.0,True,5,True,5,HIGH
POWERGRID,5,0,False,0,False,3,True,37290.0,False,0,False,1,LOW
RECLTD,5,5,True,5,True,3,True,-57723.0,True,5,True,8,HIGH
RELIANCE,5,0,False,1,False,1,False,158788.0,False,3,True,1,LOW
SBILIFE,5,0,False,0,False,1,False,29122.0,False,1,False,0,NONE
SBIN,5,1,False,2,False,2,False,21632.0,False,3,True,1,LOW
SHREECEM,5,0,False,0,False,2,False,3347.0,False,1,False,0,NONE
SHRIRAMFIN,5,5,True,5,True,4,True,-31101.0,True,5,True,8,HIGH
SIEMENS,5,0,False,4,True,1,False,1670.0,False,0,False,2,LOW
SUNPHARMA,5,0,False,1,False,2,False,12135.0,False,1,False,0,NONE
TATACONSUM,5,0,False,0,False,2,False,1937.0,False,1,False,0,NONE
TATAMOTORS,5,0,False,0,False,1,False,67915.0,False,2,False,0,NONE
TATAPOWER,5,0,False,0,False,1,False,12596.0,False,1,False,0,NONE
TATASTEEL,5,0,False,0,False,2,False,20301.0,False,0,False,0,NONE
TCS,5,0,False,3,True,0,False,44338.0,False,0,False,2,LOW
TECHM,5,0,False,1,False,1,False,6376.0,False,0,False,0,NONE
TITAN,5,2,True,4,True,1,False,1695.0,False,1,False,4,MODERATE
TORNTPHARM,5,0,False,0,False,1,False,3266.0,False,1,False,0,NONE
TRENT,5,0,False,1,False,2,False,1349.0,False,1,False,0,NONE
TVSMOTOR,5,3,True,4,True,2,False,-1253.0,True,5,True,7,HIGH
