company_id,observations_used,positive_cfo_years,negative_cfo_years,positive_cfo_score,cfo_pat_score,cfo_margin_score,cfo_stability_score,cfo_quality_score,cfo_quality_class
ABB,5,5,0,30.0,30.0,20.0,20.0,100.0,STRONG
ADANIENSOL,5,5,0,30.0,30.0,20.0,20.0,100.0,STRONG
ADANIENT,5,5,0,30.0,30.0,13.63,20.0,93.63,STRONG
ADANIGREEN,5,5,0,30.0,30.0,20.0,20.0,100.0,STRONG
ADANIPORTS,5,5,0,30.0,30.0,20.0,20.0,100.0,STRONG
ADANIPOWER,5,5,0,30.0,30.0,20.0,20.0,100.0,STRONG
AMBUJACEM,5,5,0,30.0,30.0,20.0,20.0,100.0,STRONG
APOLLOHOSP,5,5,0,30.0,30.0,15.33,20.0,95.33,STRONG
ASIANPAINT,5,5,0,30.0,30.0,20.0,20.0,100.0,STRONG
AXISBANK,5,4,1,24.0,30.0,20.0,12.0,86.0,STRONG
BAJAJ-AUTO,5,5,0,30.0,22.16,17.16,20.0,89.32,STRONG
BAJAJFINSV,5,1,4,6.0,0.0,0.0,3.0,9.0,WEAK
BAJAJHLDNG,5,5,0,30.0,10.48,20.0,20.0,80.48,STRONG
BAJFINANCE,5,0,5,0.0,0.0,0.0,0.0,0.0,WEAK
BANKBARODA,5,2,3,12.0,0.0,0.0,6.0,18.0,WEAK
BEL,5,5,0,30.0,30.0,20.0,20.0,100.0,STRONG
BHARTIARTL,5,5,0,30.0,30.0,20.0,20.0,100.0,STRONG
BHEL,5,2,3,12.0,0.0,0.0,6.0,18.0,WEAK
BOSCHLTD,5,5,0,30.0,25.58,10.84,15.0,81.42,STRONG
BPCL,5,5,0,30.0,30.0,7.82,20.0,87.82,STRONG
BRITANNIA,5,5,0,30.0,30.0,19.04,20.0,99.04,STRONG
CANBK,5,3,2,18.0,16.89,1.74,14.0,50.63,MODERATE
CHOLAFIN,5,0,5,0.0,0.0,0.0,0.0,0.0,WEAK
CIPLA,5,5,0,30.0,30.0,20.0,20.0,100.0,STRONG
COALINDIA,5,5,0,30.0,25.02,16.96,20.0,91.98,STRONG
DABUR,5,5,0,30.0,30.0,20.0,20.0,100.0,STRONG
DIVISLAB,5,5,0,30.0,26.49,20.0,20.0,96.49,STRONG
DLF,5,5,0,30.0,30.0,20.0,20.0,100.0,STRONG
DMART,5,5,0,30.0,30.0,7.21,20.0,87.21,STRONG
DRREDDY,5,5,0,30.0,30.0,20.0,20.0,100.0,STRONG
EICHERMOT,5,5,0,30.0,27.92,20.0,20.0,97.92,STRONG
GAIL,5,5,0,30.0,26.31,13.54,20.0,89.85,STRONG
GODREJCP,5,5,0,30.0,30.0,20.0,20.0,100.0,STRONG
GRASIM,5,3,2,18.0,18.84,9.81,9.0,55.65,MODERATE
HAL,5,5,0,30.0,30.0,20.0,20.0,100.0,STRONG
HAVELLS,5,5,0,30.0,30.0,11.68,20.0,91.68,STRONG
HCLTECH,5,5,0,30.0,30.0,20.0,20.0,100.0,STRONG
HDFCBANK,5,3,2,18.0,8.74,8.96,14.0,49.7,MODERATE
HDFCLIFE,5,5,0,30.0,30.0,14.09,20.0,94.09,STRONG
HEROMOTOCO,5,5,0,30.0,30.0,17.37,15.0,92.37,STRONG
HINDALCO,5,5,0,30.0,30.0,14.38,20.0,94.38,STRONG
HINDUNILVR,5,5,0,30.0,30.0,20.0,20.0,100.0,STRONG
ICICIBANK,5,4,1,24.0,30.0,20.0,17.0,91.0,STRONG
ICICIGI,5,5,0,30.0,30.0,17.08,15.0,92.08,STRONG
ICICIPRULI,5,4,1,24.0,30.0,3.84,12.0,69.84,GOOD
INDIGO,5,4,1,24.0,30.0,20.0,17.0,91.0,STRONG
INDUSINDBK,5,2,3,12.0,0.0,0.0,6.0,18.0,WEAK
INFY,5,5,0,30.0,30.0,20.0,20.0,100.0,STRONG
IOC,5,5,0,30.0,30.0,5.83,20.0,85.83,STRONG
IRCTC,5,5,0,30.0,23.92,20.0,20.0,93.92,STRONG
IRFC,5,1,4,6.0,0.0,0.0,8.0,14.0,WEAK
ITC,5,5,0,30.0,28.26,20.0,20.0,98.26,STRONG
JINDALSTEL,5,5,0,30.0,30.0,20.0,15.0,95.0,STRONG
JIOFIN,2,1,1,15.0,30.0,20.0,7.5,72.5,GOOD
JSWENERGY,5,5,0,30.0,30.0,20.0,20.0,100.0,STRONG
JSWSTEEL,5,5,0,30.0,30.0,20.0,15.0,95.0,STRONG
KOTAKBANK,5,4,1,24.0,20.62,20.0,12.0,76.62,GOOD
LICI,5,4,1,24.0,30.0,9.26,12.0,75.26,GOOD
LODHA,5,5,0,30.0,30.0,20.0,15.0,95.0,STRONG
LT,5,5,0,30.0,30.0,16.32,20.0,96.32,STRONG
LTIM,5,5,0,30.0,30.0,20.0,20.0,100.0,STRONG
M&M,5,2,3,12.0,12.24,0.0,6.0,30.24,WEAK
MARUTI,5,5,0,30.0,30.0,12.18,20.0,92.18,STRONG
MOTHERSON,5,5,0,30.0,30.0,10.23,20.0,90.23,STRONG
NAUKRI,5,5,0,30.0,5.84,20.0,20.0,75.84,GOOD
NESTLEIND,5,5,0,30.0,30.0,20.0,20.0,100.0,STRONG
NHPC,5,5,0,30.0,30.0,20.0,20.0,100.0,STRONG
NTPC,5,5,0,30.0,30.0,20.0,20.0,100.0,STRONG
ONGC,5,5,0,30.0,30.0,20.0,20.0,100.0,STRONG
PFC,5,1,4,6.0,0.0,0.0,3.0,9.0,WEAK
PIDILITIND,5,5,0,30.0,30.0,20.0,20.0,100.0,STRONG
PNB,5,3,2,18.0,30.0,20.0,9.0,77.0,GOOD
POWERGRID,5,5,0,30.0,30.0,20.0,20.0,100.0,STRONG
RECLTD,5,0,5,0.0,0.0,0.0,0.0,0.0,WEAK
RELIANCE,5,5,0,30.0,30.0,20.0,20.0,100.0,STRONG
SBILIFE,5,5,0,30.0,30.0,20.0,20.0,100.0,STRONG
SBIN,5,4,1,24.0,30.0,11.82,12.0,77.82,GOOD
SHREECEM,5,5,0,30.0,30.0,20.0,15.0,95.0,STRONG
SHRIRAMFIN,5,0,5,0.0,0.0,0.0,0.0,0.0,WEAK
SIEMENS,5,5,0,30.0,21.41,9.65,20.0,81.06,STRONG
SUNPHARMA,5,5,0,30.0,30.0,20.0,20.0,100.0,STRONG
TATACONSUM,5,5,0,30.0,30.0,16.27,20.0,96.27,STRONG
TATAMOTORS,5,5,0,30.0,30.0,13.64,20.0,93.64,STRONG
TATAPOWER,5,5,0,30.0,30.0,20.0,20.0,100.0,STRONG
TATASTEEL,5,5,0,30.0,30.0,19.23,20.0,99.23,STRONG
TCS,5,5,0,30.0,29.93,20.0,20.0,99.93,STRONG
TECHM,5,5,0,30.0,30.0,15.78,20.0,95.78,STRONG
TITAN,5,3,2,18.0,12.55,4.42,14.0,48.98,MODERATE
TORNTPHARM,5,5,0,30.0,30.0,20.0,20.0,100.0,STRONG
TRENT,5,5,0,30.0,30.0,13.81,20.0,93.81,STRONG
TVSMOTOR,5,2,3,12.0,0.0,0.0,6.0,18.0,WEAK
