company_id,cluster_id,cluster_name,distance_from_centroid
ABB,0,Low-Leverage Core,0.3331608939793288
ADANIENSOL,2,Growth and Moderate Leverage,0.7203033826801548
ADANIENT,2,Growth and Moderate Leverage,0.3786947061439227
ADANIGREEN,3,High-Leverage Growth,2.46295722842814
ADANIPORTS,1,High-Margin Low-Leverage,1.1372710283257574
ADANIPOWER,2,Growth and Moderate Leverage,0.7620605393926188
AMBUJACEM,0,Low-Leverage Core,0.5719607549809892
APOLLOHOSP,2,Growth and Moderate Leverage,0.801048227593064
ASIANPAINT,0,Low-Leverage Core,0.6874226512731552
ATGL,2,Growth and Moderate Leverage,0.4484032041310498
AXISBANK,3,High-Leverage Growth,0.965378477765086
BAJAJ-AUTO,0,Low-Leverage Core,0.1532407808401708
BAJAJFINSV,2,Growth and Moderate Leverage,1.291588995326855
BAJAJHLDNG,1,High-Margin Low-Leverage,2.450544833449074
BAJFINANCE,2,Growth and Moderate Leverage,1.0731147488964958
BANKBARODA,3,High-Leverage Growth,1.505077667428833
BEL,4,Extreme-ROE Outlier Cluster,0.7605794864692766
BHARTIARTL,1,High-Margin Low-Leverage,1.2730202184950763
BHEL,0,Low-Leverage Core,1.8615430395522403
BOSCHLTD,0,Low-Leverage Core,0.3724574457103679
BPCL,0,Low-Leverage Core,0.3798263349923237
BRITANNIA,0,Low-Leverage Core,0.1021514549857512
CANBK,3,High-Leverage Growth,2.345760635789571
CHOLAFIN,3,High-Leverage Growth,1.253063532138309
CIPLA,1,High-Margin Low-Leverage,0.6902735836698229
COALINDIA,1,High-Margin Low-Leverage,1.073866741244983
DABUR,0,Low-Leverage Core,0.1344715309157292
DIVISLAB,0,Low-Leverage Core,0.4132652100465075
DLF,0,Low-Leverage Core,1.879268866187376
DMART,2,Growth and Moderate Leverage,0.7378227235844081
DRREDDY,0,Low-Leverage Core,0.7100458001125431
EICHERMOT,0,Low-Leverage Core,0.4930321931108666
GAIL,0,Low-Leverage Core,0.6128262041767188
GODREJCP,0,Low-Leverage Core,0.2495597798211372
GRASIM,0,Low-Leverage Core,0.5568960536718657
HAL,4,Extreme-ROE Outlier Cluster,0.7605794864692766
HAVELLS,0,Low-Leverage Core,0.7793997658004669
HCLTECH,0,Low-Leverage Core,0.6507318494732962
HDFCBANK,3,High-Leverage Growth,0.7340473755654513
HDFCLIFE,1,High-Margin Low-Leverage,1.2129451324503449
HEROMOTOCO,1,High-Margin Low-Leverage,1.6482517974189523
HINDALCO,1,High-Margin Low-Leverage,0.5617917533074708
HINDUNILVR,1,High-Margin Low-Leverage,0.6823102631966331
ICICIBANK,3,High-Leverage Growth,0.7414783653472607
ICICIGI,1,High-Margin Low-Leverage,0.3734169559943875
ICICIPRULI,1,High-Margin Low-Leverage,0.891889904921479
INDIGO,1,High-Margin Low-Leverage,1.514076500697057
INDUSINDBK,3,High-Leverage Growth,0.9480962184121045
INFY,0,Low-Leverage Core,0.7245546779973254
IOC,0,Low-Leverage Core,0.379347106252759
IRCTC,2,Growth and Moderate Leverage,0.7401051071513902
IRFC,3,High-Leverage Growth,1.586181462243068
ITC,0,Low-Leverage Core,0.6570080849186608
JINDALSTEL,0,Low-Leverage Core,0.9177133966238844
JIOFIN,1,High-Margin Low-Leverage,0.5376855167431365
JSWENERGY,0,Low-Leverage Core,1.1566442626872375
JSWSTEEL,2,Growth and Moderate Leverage,0.6011066886089755
KOTAKBANK,1,High-Margin Low-Leverage,1.186792422184765
LICI,0,Low-Leverage Core,0.6143730610868192
LODHA,0,Low-Leverage Core,1.511137395314611
LT,0,Low-Leverage Core,0.4174811413553036
LTIM,2,Growth and Moderate Leverage,1.5554392422107484
M&M,0,Low-Leverage Core,0.5123181427391881
MARUTI,0,Low-Leverage Core,0.4462624160149145
MOTHERSON,0,Low-Leverage Core,0.4209798960495366
NAUKRI,2,Growth and Moderate Leverage,0.6757034794368005
NESTLEIND,2,Growth and Moderate Leverage,0.8688634289680215
NHPC,0,Low-Leverage Core,1.442286036282256
NTPC,0,Low-Leverage Core,0.7375251903920478
ONGC,0,Low-Leverage Core,0.1765243990126934
PFC,3,High-Leverage Growth,1.2686423466379382
PIDILITIND,0,Low-Leverage Core,0.5392661006034304
PNB,2,Growth and Moderate Leverage,1.137248973368569
POWERGRID,1,High-Margin Low-Leverage,1.2146456575074285
RECLTD,3,High-Leverage Growth,1.915564429674264
RELIANCE,0,Low-Leverage Core,0.2169561607249674
SBILIFE,2,Growth and Moderate Leverage,1.1483861811333085
SBIN,0,Low-Leverage Core,1.9066834447145973
SHREECEM,0,Low-Leverage Core,0.3471711241268805
SHRIRAMFIN,2,Growth and Moderate Leverage,0.9180558899279412
SIEMENS,0,Low-Leverage Core,0.3628714121420642
SUNPHARMA,0,Low-Leverage Core,0.4745421419605617
TATACONSUM,2,Growth and Moderate Leverage,0.7226844267507627
TATAMOTORS,0,Low-Leverage Core,0.3579361121118751
TATAPOWER,2,Growth and Moderate Leverage,0.5827407154872715
TATASTEEL,0,Low-Leverage Core,0.4086765916206347
TCS,0,Low-Leverage Core,0.4368265312844475
TECHM,0,Low-Leverage Core,0.4366553994814464
TITAN,2,Growth and Moderate Leverage,0.456978052471055
TORNTPHARM,0,Low-Leverage Core,0.4563655269972481
TRENT,2,Growth and Moderate Leverage,2.32539751071795
TVSMOTOR,2,Growth and Moderate Leverage,1.1329968650728772
