kpi,count,p10,p25,p50,p75,p90,mean,std
npm_pct,91,4.60996999769213,7.232424227856129,14.288299155609169,20.364391310339602,29.282025230717128,20.101573566892473,45.42569839742412
opm_pct,90,9.82849614691424,16.41400149671069,26.006450869504782,40.954102654938524,84.25349024470464,34.899048856337444,27.578131937448244
roe_pct,90,8.361743764845407,11.612115350385197,16.27438209993858,26.083288417594787,48.39377808581729,125.07713388312118,640.6142504918673
roce_pct,89,3.4933483043754503,10.589263718361346,19.446975695015013,33.84830382235054,121.60682917108092,184.50909638656705,790.0911530394704
roa_pct,90,1.1370426182065605,2.4431781943493736,6.207260462890552,14.048351691386133,22.618117258413758,62.29260961579529,319.52773509351584
de_ratio,90,0.007722779206025612,0.0650861387723586,0.4377912621592087,1.6178558202347761,6.460590070261603,1.687172986655207,2.873691300758453
icr,90,1.5851688178539967,3.1858517221611207,10.356262796753821,47.03409254874002,156.30107142857148,84.57992721965591,301.33522288740596
asset_turnover,90,0.07313499656780094,0.2086879019266913,0.6594352207122538,1.1362359251314187,1.6631335269333452,3.5336343199051625,15.933835806754674
revenue_cagr_5yr,92,5.899633273673062,8.462029223288658,12.029339915118054,17.279172148013195,21.077058378526594,12.993483452735441,7.357277118701846
cfo_margin_pct,90,-16.54778811667013,7.535490911503284,15.014403080409778,22.952383778954605,40.815189073142705,10.596690551264803,43.23762976492814
